date,unused_date,price,fluctuation,fluctuation_percent
13/07/2022,14/07/2022,"20.580,57",-43.14,-0.21%
12/07/2022,13/07/2022,"20.623,71",177.61,0.87%
11/07/2022,12/07/2022,"20.446,10",-382.51,-1.84%
10/07/2022,11/07/2022,"20.828,61",36.26,0.17%
07/07/2022,08/07/2022,"20.792,35",284.84,1.39%
06/07/2022,07/07/2022,"20.507,51",-465.50,-2.22%
05/07/2022,06/07/2022,"20.973,01",-107.48,-0.51%
04/07/2022,05/07/2022,"21.080,49",-50.60,-0.24%
03/07/2022,04/07/2022,"21.131,09",54.45,0.26%
30/06/2022,01/07/2022,"21.076,64",-411.79,-1.92%
29/06/2022,30/06/2022,"21.488,43",-1.29,-0.01%
28/06/2022,29/06/2022,"21.489,72",280.96,1.32%
27/06/2022,28/06/2022,"21.208,76",358.50,1.72%
26/06/2022,27/06/2022,"20.850,26",-84.04,-0.40%
23/06/2022,24/06/2022,"20.934,30",227.81,1.10%
22/06/2022,23/06/2022,"20.706,49",47.33,0.23%
21/06/2022,22/06/2022,"20.659,16",-4.50,-0.02%
20/06/2022,21/06/2022,"20.663,66",-548.99,-2.59%
19/06/2022,20/06/2022,"21.212,65",-348.24,-1.62%
16/06/2022,17/06/2022,"21.560,89",456.82,2.16%
15/06/2022,16/06/2022,"21.104,07",-157.92,-0.74%
14/06/2022,15/06/2022,"21.261,99",22.48,0.11%
13/06/2022,14/06/2022,"21.239,51",-1046.47,-4.70%
12/06/2022,13/06/2022,"22.285,98",-307.06,-1.36%
09/06/2022,10/06/2022,"22.593,04",16.81,0.07%
08/06/2022,09/06/2022,"22.576,23",297.63,1.34%
07/06/2022,08/06/2022,"22.278,60",-36.69,-0.16%
06/06/2022,07/06/2022,"22.315,29",-11.16,-0.05%
05/06/2022,06/06/2022,"22.326,45",31.80,0.14%
02/06/2022,03/06/2022,"22.294,65",-168.21,-0.75%
01/06/2022,02/06/2022,"22.462,86",47.01,0.21%
31/05/2022,01/06/2022,"22.415,85",-130.16,-0.58%
30/05/2022,31/05/2022,"22.546,01",119.65,0.53%
29/05/2022,30/05/2022,"22.426,36",437.18,1.99%
26/05/2022,27/05/2022,"21.989,18",-20.49,-0.09%
25/05/2022,26/05/2022,"22.009,67",636.99,2.98%
24/05/2022,25/05/2022,"21.372,68",290.60,1.38%
23/05/2022,24/05/2022,"21.082,08",-456.46,-2.12%
22/05/2022,23/05/2022,"21.538,54",-18.31,-0.08%
19/05/2022,20/05/2022,"21.556,85",-48.88,-0.23%
18/05/2022,19/05/2022,"21.605,73",114.55,0.53%
17/05/2022,18/05/2022,"21.491,18",1083.35,5.31%
16/05/2022,17/05/2022,"20.407,83",-1088.15,-5.06%
15/05/2022,16/05/2022,"21.495,98",-941.74,-4.38%
12/05/2022,13/05/2022,"21.495,98",-1177.68,-5.19%
11/05/2022,12/05/2022,"22.673,66",72.65,0.32%
10/05/2022,11/05/2022,"22.601,01",526.88,2.39%
09/05/2022,10/05/2022,"22.074,13",-994.81,-4.31%
08/05/2022,09/05/2022,"23.068,94",-531.79,-2.25%
05/05/2022,06/05/2022,"23.600,73",241.72,1.03%
04/05/2022,05/05/2022,"23.359,01",-460.78,-1.93%
03/05/2022,04/05/2022,"23.819,79",276.08,1.17%
28/04/2022,29/04/2022,"23.543,71",-19.71,-0.08%
27/04/2022,28/04/2022,"23.563,42",86.20,0.37%
26/04/2022,27/04/2022,"23.477,22",513.80,2.24%
25/04/2022,26/04/2022,"22.963,42",-1311.15,-5.40%
24/04/2022,25/04/2022,"24.274,57",288.57,1.20%
21/04/2022,22/04/2022,"23.986,00",-156.94,-0.65%
20/04/2022,21/04/2022,"24.142,94",-113.83,-0.47%
19/04/2022,20/04/2022,"24.256,77",-444.66,-1.80%
18/04/2022,19/04/2022,"24.701,43",-411.77,-1.64%
17/04/2022,18/04/2022,"25.113,20",-393.81,-1.54%
14/04/2022,15/04/2022,"25.507,01",-121.09,-0.47%
13/04/2022,14/04/2022,"25.628,10",280.98,1.11%
12/04/2022,13/04/2022,"25.347,12",-281.17,-1.10%
11/04/2022,12/04/2022,"25.628,29",-259.35,-1.00%
07/04/2022,08/04/2022,"25.887,64",-238.37,-0.91%
06/04/2022,07/04/2022,"26.126,01",287.27,1.11%
05/04/2022,06/04/2022,"25.838,74",-145.59,-0.56%
04/04/2022,05/04/2022,"25.984,33",90.87,0.35%
03/04/2022,04/04/2022,"25.893,46",564.31,2.23%
31/03/2022,01/04/2022,"25.329,15",139.26,0.55%
30/03/2022,31/03/2022,"25.189,89",-6.83,-0.03%
29/03/2022,30/03/2022,"25.196,72",274.57,1.10%
28/03/2022,29/03/2022,"24.922,15",-238.31,-0.95%
27/03/2022,28/03/2022,"25.160,46",13.90,0.06%
24/03/2022,25/03/2022,"25.146,56",-137.08,-0.54%
23/03/2022,24/03/2022,"25.283,64",-130.71,-0.51%
22/03/2022,23/03/2022,"25.414,35",179.00,0.71%
21/03/2022,22/03/2022,"25.235,35",429.77,1.73%
20/03/2022,21/03/2022,"24.805,58",115.71,0.47%
17/03/2022,18/03/2022,"24.689,87",-45.43,-0.18%
16/03/2022,17/03/2022,"24.735,30",63.86,0.26%
15/03/2022,16/03/2022,"24.671,44",128.86,0.53%
14/03/2022,15/03/2022,"24.542,58",-268.80,-1.08%
13/03/2022,14/03/2022,"24.811,38",-221.24,-0.88%
10/03/2022,11/03/2022,"25.032,62",16.16,0.06%
09/03/2022,10/03/2022,"25.016,46",-16.94,-0.07%
08/03/2022,09/03/2022,"25.033,40",-315.64,-1.25%
07/03/2022,08/03/2022,"25.349,04",-267.66,-1.04%
06/03/2022,07/03/2022,"25.616,70",44.13,0.17%
03/03/2022,04/03/2022,"25.572,57",399.09,1.59%
02/03/2022,03/03/2022,"25.173,48",-359.05,-1.41%
01/03/2022,02/03/2022,"25.532,53",49.02,0.19%
28/02/2022,01/03/2022,"25.483,51",-156.79,-0.61%
27/02/2022,28/02/2022,"25.640,30",73.19,0.29%
24/02/2022,25/02/2022,"25.567,11",-282.76,-1.09%
23/02/2022,24/02/2022,"25.849,87",108.18,0.42%
22/02/2022,23/02/2022,"25.741,69",-18.60,-0.07%
21/02/2022,22/02/2022,"25.760,29",32.09,0.12%
20/02/2022,21/02/2022,"25.728,20",-151.75,-0.59%
17/02/2022,18/02/2022,"25.879,95",316.38,1.24%
16/02/2022,17/02/2022,"25.563,57",-95.81,-0.37%
15/02/2022,16/02/2022,"25.659,38",364.95,1.44%
14/02/2022,15/02/2022,"25.294,43",-683.77,-2.63%
13/02/2022,14/02/2022,"25.978,20",-49.52,-0.19%
10/02/2022,11/02/2022,"26.027,72",-54.98,-0.21%
09/02/2022,10/02/2022,"26.082,70",37.43,0.14%
08/02/2022,09/02/2022,"26.045,27",150.90,0.58%
07/02/2022,08/02/2022,"25.894,37",145.98,0.57%
06/02/2022,07/02/2022,"25.748,39",258.27,1.01%
27/01/2022,28/01/2022,"25.490,12",-147.13,-0.57%
26/01/2022,27/01/2022,"25.637,25",153.41,0.60%
25/01/2022,26/01/2022,"25.483,84",751.16,3.04%
24/01/2022,25/01/2022,"24.732,68",-519.83,-2.06%
23/01/2022,24/01/2022,"25.252,51",154.67,0.62%
20/01/2022,21/01/2022,"25.097,84",172.07,0.69%
19/01/2022,20/01/2022,"24.925,77",91.07,0.37%
18/01/2022,19/01/2022,"24.834,70",-26.50,-0.11%
17/01/2022,18/01/2022,"24.861,20",-755.27,-2.95%
16/01/2022,17/01/2022,"25.616,47",-49.67,-0.19%
13/01/2022,14/01/2022,"25.666,14",-61.81,-0.24%
12/01/2022,13/01/2022,"25.727,95",508.49,2.02%
11/01/2022,12/01/2022,"25.219,46",-251.55,-0.99%
10/01/2022,11/01/2022,"25.471,01",-273.69,-1.06%
09/01/2022,10/01/2022,"25.744,70",-212.10,-0.82%
06/01/2022,07/01/2022,"25.956,80",-18.32,-0.07%
05/01/2022,06/01/2022,"25.975,12",-215.66,-0.82%
04/01/2022,05/01/2022,"26.190,78",389.05,1.51%
03/01/2022,04/01/2022,"25.801,73",267.37,1.05%
30/12/2021,31/12/2021,"25.534,36",61.00,0.24%
29/12/2021,30/12/2021,"25.473,36",-128.43,-0.50%
28/12/2021,29/12/2021,"25.601,79",149.94,0.59%
27/12/2021,28/12/2021,"25.451,85",131.78,0.52%
26/12/2021,27/12/2021,"25.320,07",490.32,1.97%
23/12/2021,24/12/2021,"24.829,75",-449.45,-1.78%
22/12/2021,23/12/2021,"25.279,20",-115.23,-0.45%
21/12/2021,22/12/2021,"25.394,43",-35.72,-0.14%
20/12/2021,21/12/2021,"25.430,15",0.27,0.00%
19/12/2021,20/12/2021,"25.429,88",55.05,0.22%
16/12/2021,17/12/2021,"25.374,83",-155.73,-0.61%
15/12/2021,16/12/2021,"25.530,56",51.64,0.20%
14/12/2021,15/12/2021,"25.478,92",-63.04,-0.25%
13/12/2021,14/12/2021,"25.541,96",21.83,0.09%
12/12/2021,13/12/2021,"25.520,13",-172.37,-0.67%
09/12/2021,10/12/2021,"25.692,50",227.26,0.89%
08/12/2021,09/12/2021,"25.465,24",58.91,0.23%
07/12/2021,08/12/2021,"25.406,33",531.75,2.14%
06/12/2021,07/12/2021,"24.874,58",-387.98,-1.54%
05/12/2021,06/12/2021,"25.262,56",-621.50,-2.40%
02/12/2021,03/12/2021,"25.884,06",-150.49,-0.58%
01/12/2021,02/12/2021,"26.034,55",204.90,0.79%
30/11/2021,01/12/2021,"25.829,65",-259.56,-0.99%
29/11/2021,30/11/2021,"26.089,21",-227.35,-0.86%
28/11/2021,29/11/2021,"26.316,56",-100.60,-0.38%
25/11/2021,26/11/2021,"26.417,16",120.23,0.46%
24/11/2021,25/11/2021,"26.296,93",539.41,2.09%
23/11/2021,24/11/2021,"25.757,52",270.24,1.06%
22/11/2021,23/11/2021,"25.487,28",284.64,1.13%
21/11/2021,22/11/2021,"25.202,64",-59.11,-0.23%
18/11/2021,19/11/2021,"25.261,75",-271.63,-1.06%
17/11/2021,18/11/2021,"25.533,38",38.88,0.15%
16/11/2021,17/11/2021,"25.494,50",-192.89,-0.75%
15/11/2021,16/11/2021,"25.687,39",11.92,0.05%
14/11/2021,15/11/2021,"25.675,47",225.92,0.89%
11/11/2021,12/11/2021,"25.449,55",-158.50,-0.62%
10/11/2021,11/11/2021,"25.608,05",-56.70,-0.22%
09/11/2021,10/11/2021,"25.664,75",-143.77,-0.56%
08/11/2021,09/11/2021,"25.808,52",65.97,0.26%
07/11/2021,08/11/2021,"25.742,55",57.92,0.23%
04/11/2021,05/11/2021,"25.684,63",-41.49,-0.16%
03/11/2021,04/11/2021,"25.726,12",152.60,0.60%
02/11/2021,03/11/2021,"25.573,52",75.15,0.29%
01/11/2021,02/11/2021,"25.498,37",-258.99,-1.01%
31/10/2021,01/11/2021,"25.757,36",49.89,0.19%
28/10/2021,29/10/2021,"25.707,47",211.87,0.83%
27/10/2021,28/10/2021,"25.495,60",568.59,2.28%
26/10/2021,27/10/2021,"24.927,01",95.53,0.38%
25/10/2021,26/10/2021,"24.831,48",-196.90,-0.79%
24/10/2021,25/10/2021,"25.028,38",-9.74,-0.04%
21/10/2021,22/10/2021,"25.038,12",-264.08,-1.04%
20/10/2021,21/10/2021,"25.302,20",-41.26,-0.16%
19/10/2021,20/10/2021,"25.343,46",-52.75,-0.21%
18/10/2021,19/10/2021,"25.396,21",93.28,0.37%
17/10/2021,18/10/2021,"25.302,93",18.33,0.07%
14/10/2021,15/10/2021,"25.284,60",-31.39,-0.12%
13/10/2021,14/10/2021,"25.315,99",-70.84,-0.28%
12/10/2021,13/10/2021,"25.386,83",-16.21,-0.06%
11/10/2021,12/10/2021,"25.403,04",575.60,2.32%
10/10/2021,11/10/2021,"24.827,44",241.76,0.98%
07/10/2021,08/10/2021,"24.585,68",18.52,0.08%
06/10/2021,07/10/2021,"24.567,16",87.41,0.36%
05/10/2021,06/10/2021,"24.479,75",207.28,0.85%
04/10/2021,05/10/2021,"24.272,47",27.55,0.11%
03/10/2021,04/10/2021,"24.244,92",-201.15,-0.82%
30/09/2021,01/10/2021,"24.446,07",55.02,0.23%
29/09/2021,30/09/2021,"24.391,05",-17.59,-0.07%
28/09/2021,29/09/2021,"24.408,64",209.99,0.87%
27/09/2021,28/09/2021,"24.198,65",-342.50,-1.40%
26/09/2021,27/09/2021,"24.541,15",25.03,0.10%
23/09/2021,24/09/2021,"24.516,12",86.21,0.35%
22/09/2021,23/09/2021,"24.429,91",112.31,0.46%
21/09/2021,22/09/2021,"24.317,60",-208.90,-0.85%
20/09/2021,21/09/2021,"24.526,50",47.86,0.20%
19/09/2021,20/09/2021,"24.478,64",110.33,0.45%
16/09/2021,17/09/2021,"24.368,31",65.83,0.27%
15/09/2021,16/09/2021,"24.302,48",132.15,0.55%
14/09/2021,15/09/2021,"24.170,33",-114.43,-0.47%
13/09/2021,14/09/2021,"24.284,76",-57.74,-0.24%
12/09/2021,13/09/2021,"24.342,50",16.33,0.07%
09/09/2021,10/09/2021,"24.326,17",228.16,0.95%
08/09/2021,09/09/2021,"24.098,01",-174.98,-0.72%
07/09/2021,08/09/2021,"24.272,99",65.66,0.27%
06/09/2021,07/09/2021,"24.207,33",244.41,1.02%
05/09/2021,06/09/2021,"23.962,92",-31.14,-0.13%
31/08/2021,01/09/2021,"23.994,06",-40.71,-0.17%
30/08/2021,31/08/2021,"24.034,77",212.01,0.89%
29/08/2021,30/08/2021,"23.822,76",101.40,0.43%
26/08/2021,27/08/2021,"23.721,36",-270.61,-1.13%
25/08/2021,26/08/2021,"23.991,97",171.93,0.72%
24/08/2021,25/08/2021,"23.820,04",96.08,0.40%
23/08/2021,24/08/2021,"23.723,96",-644.34,-2.64%
22/08/2021,23/08/2021,"24.368,30",-909.62,-3.60%
19/08/2021,20/08/2021,"25.277,92",248.16,0.99%
18/08/2021,19/08/2021,"25.029,76",-72.58,-0.29%
17/08/2021,18/08/2021,"25.102,34",-119.32,-0.47%
16/08/2021,17/08/2021,"25.221,66",293.93,1.18%
15/08/2021,16/08/2021,"24.927,73",120.85,0.49%
12/08/2021,13/08/2021,"24.806,88",-182.50,-0.73%
11/08/2021,12/08/2021,"24.989,38",-113.92,-0.45%
10/08/2021,11/08/2021,"25.103,30",-63.39,-0.25%
09/08/2021,10/08/2021,"25.166,69",369.00,1.49%
08/08/2021,09/08/2021,"24.797,69",-173.54,-0.69%
05/08/2021,06/08/2021,"24.971,23",244.85,0.99%
04/08/2021,05/08/2021,"24.726,38",27.38,0.11%
03/08/2021,04/08/2021,"24.699,00",346.94,1.42%
02/08/2021,03/08/2021,"24.352,06",34.33,0.14%
01/08/2021,02/08/2021,"24.317,73",316.41,1.32%
29/07/2021,30/07/2021,"24.001,32",336.85,1.42%
28/07/2021,29/07/2021,"23.664,47",-34.49,-0.15%
27/07/2021,28/07/2021,"23.698,96",87.34,0.37%
26/07/2021,27/07/2021,"23.611,62",46.50,0.20%
25/07/2021,26/07/2021,"23.565,12",-455.26,-1.90%
22/07/2021,23/07/2021,"24.020,38",371.03,1.57%
21/07/2021,22/07/2021,"23.649,35",-75.76,-0.32%
20/07/2021,21/07/2021,"23.725,11",617.52,2.67%
19/07/2021,20/07/2021,"23.107,59",-1075.21,-4.45%
18/07/2021,19/07/2021,"24.182,80",128.61,0.53%
15/07/2021,16/07/2021,"24.054,19",336.31,1.42%
14/07/2021,15/07/2021,"23.717,88",-515.85,-2.13%
13/07/2021,14/07/2021,"24.233,73",-36.54,-0.15%
12/07/2021,13/07/2021,"24.270,27",-865.01,-3.44%
11/07/2021,12/07/2021,"25.135,28",-446.55,-1.75%
08/07/2021,09/07/2021,"25.581,83",-298.55,-1.15%
07/07/2021,08/07/2021,"25.880,38",838.33,3.35%
06/07/2021,07/07/2021,"25.042,05",-1159.79,-4.43%
05/07/2021,06/07/2021,"26.201,84",53.55,0.20%
04/07/2021,05/07/2021,"26.148,29",156.50,0.60%
01/07/2021,02/07/2021,"25.991,79",280.25,1.09%
30/06/2021,01/07/2021,"25.711,54",-18.00,-0.07%
29/06/2021,30/06/2021,"25.729,54",142.45,0.56%
28/06/2021,29/06/2021,"25.587,09",360.94,1.43%
27/06/2021,28/06/2021,"25.226,15",222.36,0.89%
24/06/2021,25/06/2021,"25.003,79",-44.17,-0.18%
23/06/2021,24/06/2021,"25.047,96",8.58,0.03%
22/06/2021,23/06/2021,"25.039,38",184.11,0.74%
21/06/2021,22/06/2021,"24.855,27",-51.65,-0.21%
20/06/2021,21/06/2021,"24.906,92",324.16,1.32%
17/06/2021,18/06/2021,"24.582,76",-62.30,-0.25%
16/06/2021,17/06/2021,"24.645,06",-361.44,-1.45%
15/06/2021,16/06/2021,"25.006,50",-135.14,-0.54%
14/06/2021,15/06/2021,"25.141,64",132.06,0.53%
13/06/2021,14/06/2021,"25.009,58",611.41,2.51%
10/06/2021,11/06/2021,"24.398,17",-110.78,-0.45%
09/06/2021,10/06/2021,"24.508,95",318.83,1.32%
08/06/2021,09/06/2021,"24.190,12",-764.19,-3.06%
07/06/2021,08/06/2021,"24.954,31",-382.91,-1.51%
06/06/2021,07/06/2021,"25.337,22",63.92,0.25%
03/06/2021,04/06/2021,"25.273,30",425.18,1.71%
02/06/2021,03/06/2021,"24.848,12",-70.70,-0.28%
01/06/2021,02/06/2021,"24.918,82",149.90,0.61%
31/05/2021,01/06/2021,"24.768,92",286.79,1.17%
30/05/2021,31/05/2021,"24.482,13",364.84,1.51%
27/05/2021,28/05/2021,"24.117,29",-301.48,-1.23%
26/05/2021,27/05/2021,"24.418,77",188.61,0.78%
25/05/2021,26/05/2021,"24.230,16",225.16,0.94%
24/05/2021,25/05/2021,"24.005,00",93.79,0.39%
23/05/2021,24/05/2021,"23.911,21",-0.99,0.00%
20/05/2021,21/05/2021,"23.912,20",384.14,1.63%
19/05/2021,20/05/2021,"23.528,06",397.61,1.72%
18/05/2021,19/05/2021,"23.130,45",121.92,0.53%
17/05/2021,18/05/2021,"23.008,53",-143.15,-0.62%
16/05/2021,17/05/2021,"23.151,68",165.05,0.72%
13/05/2021,14/05/2021,"22.986,63",-180.84,-0.78%
12/05/2021,13/05/2021,"23.167,47",368.38,1.62%
11/05/2021,12/05/2021,"22.799,09",-213.44,-0.93%
10/05/2021,11/05/2021,"23.012,53",536.06,2.38%
09/05/2021,10/05/2021,"22.476,47",-79.52,-0.35%
06/05/2021,07/05/2021,"22.555,99",-34.36,-0.15%
05/05/2021,06/05/2021,"22.590,35",312.87,1.40%
04/05/2021,05/05/2021,"22.277,48",268.18,1.22%
03/05/2021,04/05/2021,"22.009,30",312.98,1.44%
28/04/2021,29/04/2021,"21.696,32",168.45,0.78%
27/04/2021,28/04/2021,"21.527,87",150.40,0.70%
26/04/2021,27/04/2021,"21.377,47",-461.74,-2.11%
25/04/2021,26/04/2021,"21.839,21",503.44,2.36%
22/04/2021,23/04/2021,"21.335,77",-682.58,-3.10%
21/04/2021,22/04/2021,"22.018,35",79.61,0.36%
19/04/2021,20/04/2021,"21.938,74",503.20,2.35%
18/04/2021,19/04/2021,"21.435,54",-119.41,-0.55%
15/04/2021,16/04/2021,"21.554,95",-109.80,-0.51%
14/04/2021,15/04/2021,"21.664,75",227.25,1.06%
13/04/2021,14/04/2021,"21.437,50",-15.15,-0.07%
12/04/2021,13/04/2021,"21.452,65",414.97,1.97%
11/04/2021,12/04/2021,"21.037,68",27.18,0.13%
08/04/2021,09/04/2021,"21.010,50",-101.88,-0.48%
07/04/2021,08/04/2021,"21.112,38",37.69,0.18%
06/04/2021,07/04/2021,"21.074,69",87.34,0.42%
05/04/2021,06/04/2021,"20.987,35",202.11,0.97%
04/04/2021,05/04/2021,"20.785,24",192.40,0.93%
01/04/2021,02/04/2021,"20.592,84",502.90,2.50%
31/03/2021,31/03/2021,"20.089,94",89.62,0.45%
30/03/2021,30/03/2021,"20.000,32",179.27,0.90%
29/03/2021,29/03/2021,"19.821,05",213.11,1.09%
28/03/2021,28/03/2021,"19.607,94",42.95,0.22%
25/03/2021,25/03/2021,"19.564,99",-16.90,-0.09%
24/03/2021,24/03/2021,"19.581,89",-354.51,-1.78%
23/03/2021,23/03/2021,"19.936,40",-192.66,-0.96%
22/03/2021,22/03/2021,"20.129,06",-81.87,-0.41%
21/03/2021,21/03/2021,"20.210,93",-137.22,-0.67%
18/03/2021,18/03/2021,"20.348,15",298.21,1.49%
17/03/2021,17/03/2021,"20.049,94",97.08,0.49%
16/03/2021,16/03/2021,"19.952,86",-50.23,-0.25%
14/03/2021,14/03/2021,"19.952,31",-16.49,-0.08%
11/03/2021,11/03/2021,"19.968,80",272.83,1.39%
10/03/2021,10/03/2021,"19.695,97",160.74,0.82%
09/03/2021,09/03/2021,"19.535,23",-117.27,-0.60%
08/03/2021,08/03/2021,"19.652,50",-64.46,-0.33%
07/03/2021,07/03/2021,"19.716,96",-13.44,-0.07%
04/03/2021,04/03/2021,"19.730,40",-353.41,-1.76%
03/03/2021,03/03/2021,"20.083,81",15.56,0.08%
02/03/2021,02/03/2021,"20.068,25",44.36,0.22%
01/03/2021,01/03/2021,"20.023,89",304.56,1.54%
28/02/2021,28/02/2021,"19.719,33",61.76,0.31%
25/02/2021,25/02/2021,"19.657,57",44.72,0.23%
24/02/2021,24/02/2021,"19.612,85",-255.48,-1.29%
23/02/2021,23/02/2021,"19.868,33",32.03,0.16%
22/02/2021,22/02/2021,"19.836,30",-1.22,-0.01%
21/02/2021,21/02/2021,"19.837,52",-123.93,-0.62%
18/02/2021,18/02/2021,"19.961,45",216.87,1.10%
17/02/2021,17/02/2021,"19.744,58",762.08,4.01%
16/02/2021,16/02/2021,"18.982,50",614.94,3.35%
08/02/2021,08/02/2021,"18.367,56",-718.58,-3.76%
07/02/2021,07/02/2021,"19.086,14",298.36,1.59%
04/02/2021,04/02/2021,"18.787,78",-5.06,-0.03%
03/02/2021,03/02/2021,"18.792,84",642.03,3.54%
02/02/2021,02/02/2021,"18.150,81",819.25,4.73%
01/02/2021,01/02/2021,"17.331,56",-322.35,-1.83%
31/01/2021,31/01/2021,"17.653,91",680.49,4.01%
28/01/2021,28/01/2021,"16.973,42",-1223.05,-6.72%
27/01/2021,27/01/2021,"18.196,47",-684.68,-3.63%
26/01/2021,26/01/2021,"18.881,15",-478.52,-2.47%
25/01/2021,25/01/2021,"19.359,67",-32.86,-0.17%
24/01/2021,24/01/2021,"19.392,53",74.14,0.38%
21/01/2021,21/01/2021,"19.318,39",588.16,3.14%
20/01/2021,20/01/2021,"18.730,23",152.35,0.82%
19/01/2021,19/01/2021,"18.577,88",-1084.40,-5.52%
18/01/2021,18/01/2021,"19.662,28",-140.03,-0.71%
17/01/2021,17/01/2021,"19.802,31",214.96,1.10%
14/01/2021,14/01/2021,"19.587,35",71.80,0.37%
13/01/2021,13/01/2021,"19.515,55",-95.19,-0.49%
12/01/2021,12/01/2021,"19.610,74",91.23,0.47%
11/01/2021,11/01/2021,"19.519,51",262.53,1.36%
10/01/2021,10/01/2021,"19.256,98",285.54,1.51%
07/01/2021,07/01/2021,"18.971,44",288.30,1.54%
06/01/2021,06/01/2021,"18.683,14",152.79,0.82%
05/01/2021,05/01/2021,"18.530,35",222.61,1.22%
04/01/2021,04/01/2021,"18.307,74",350.13,1.95%
03/01/2021,03/01/2021,"17.957,61",207.90,1.17%
30/12/2020,30/12/2020,"17.749,71",-5.83,-0.03%
29/12/2020,29/12/2020,"17.755,54",71.67,0.41%
28/12/2020,28/12/2020,"17.683,87",39.12,0.22%
27/12/2020,27/12/2020,"17.644,75",302.96,1.75%
24/12/2020,24/12/2020,"17.341,79",-190.03,-1.08%
23/12/2020,23/12/2020,"17.531,82",-108.19,-0.61%
22/12/2020,22/12/2020,"17.640,01",25.62,0.15%
21/12/2020,21/12/2020,"17.614,39",210.79,1.21%
20/12/2020,20/12/2020,"17.403,60",331.08,1.94%
17/12/2020,17/12/2020,"17.072,52",-194.71,-1.13%
16/12/2020,16/12/2020,"17.267,23",281.65,1.66%
15/12/2020,15/12/2020,"16.985,58",-188.34,-1.10%
14/12/2020,14/12/2020,"17.173,92",260.26,1.54%
13/12/2020,13/12/2020,"16.913,66",241.47,1.45%
10/12/2020,10/12/2020,"16.672,19",-165.12,-0.98%
09/12/2020,09/12/2020,"16.837,31",173.63,1.04%
08/12/2020,08/12/2020,"16.663,68",30.64,0.18%
07/12/2020,07/12/2020,"16.633,04",126.52,0.77%
06/12/2020,06/12/2020,"16.506,52",-17.56,-0.11%
03/12/2020,03/12/2020,"16.524,08",91.35,0.56%
02/12/2020,02/12/2020,"16.432,73",59.55,0.36%
01/12/2020,01/12/2020,"16.373,18",175.85,1.09%
30/11/2020,30/11/2020,"16.197,33",-86.03,-0.53%
29/11/2020,29/11/2020,"16.283,36",117.31,0.73%
26/11/2020,26/11/2020,"16.166,05",58.85,0.37%
25/11/2020,25/11/2020,"16.107,20",15.67,0.10%
24/11/2020,24/11/2020,"16.091,53",-7.30,-0.05%
23/11/2020,23/11/2020,"16.098,83",154.20,0.97%
22/11/2020,22/11/2020,"15.944,63",97.83,0.62%
19/11/2020,19/11/2020,"15.846,80",122.30,0.78%
18/11/2020,18/11/2020,"15.724,50",53.79,0.34%
17/11/2020,17/11/2020,"15.670,71",311.95,2.03%
16/11/2020,16/11/2020,"15.358,76",-255.89,-1.64%
15/11/2020,15/11/2020,"15.614,65",137.85,0.89%
12/11/2020,12/11/2020,"15.476,80",105.76,0.69%
11/11/2020,11/11/2020,"15.371,04",2.95,0.02%
10/11/2020,10/11/2020,"15.368,09",-17.40,-0.11%
09/11/2020,09/11/2020,"15.385,49",243.36,1.61%
08/11/2020,08/11/2020,"15.142,13",-15.34,-0.10%
05/11/2020,05/11/2020,"15.157,47",-29.90,-0.20%
04/11/2020,04/11/2020,"15.187,37",54.84,0.36%
03/11/2020,03/11/2020,"15.132,53",47.94,0.32%
02/11/2020,02/11/2020,"15.084,59",112.84,0.75%
01/11/2020,01/11/2020,"14.971,75",101.63,0.68%
29/10/2020,29/10/2020,"14.870,12",-42.77,-0.29%
28/10/2020,28/10/2020,"14.912,89",-442.94,-2.88%
27/10/2020,27/10/2020,"15.355,83",-71.90,-0.47%
26/10/2020,26/10/2020,"15.427,73",-175.20,-1.12%
25/10/2020,25/10/2020,"15.602,93",199.93,1.30%
22/10/2020,22/10/2020,"15.403,00",205.33,1.35%
21/10/2020,21/10/2020,"15.197,67",-53.32,-0.35%
20/10/2020,20/10/2020,"15.250,99",98.49,0.65%
19/10/2020,19/10/2020,"15.152,50",49.60,0.33%
18/10/2020,18/10/2020,"15.102,90",46.21,0.31%
15/10/2020,15/10/2020,"15.056,69",109.40,0.73%
14/10/2020,14/10/2020,"14.947,29",230.31,1.56%
13/10/2020,13/10/2020,"14.716,98",54.66,0.37%
12/10/2020,12/10/2020,"14.662,32",6.15,0.04%
11/10/2020,11/10/2020,"14.656,17",77.77,0.53%
08/10/2020,08/10/2020,"14.578,40",-14.08,-0.10%
07/10/2020,07/10/2020,"14.592,48",-8.37,-0.06%
06/10/2020,06/10/2020,"14.600,85",57.85,0.40%
05/10/2020,05/10/2020,"14.543,00",99.83,0.69%
04/10/2020,04/10/2020,"14.443,17",-102.73,-0.71%
01/10/2020,01/10/2020,"14.545,90",150.95,1.05%
30/09/2020,30/09/2020,"14.394,95",39.03,0.27%
29/09/2020,29/09/2020,"14.355,92",-93.70,-0.65%
28/09/2020,28/09/2020,"14.449,62",142.33,0.99%
27/09/2020,27/09/2020,"14.307,29",24.80,0.17%
24/09/2020,24/09/2020,"14.282,49",-85.97,-0.60%
23/09/2020,23/09/2020,"14.368,46",92.67,0.65%
22/09/2020,22/09/2020,"14.275,79",19.75,0.14%
21/09/2020,21/09/2020,"14.256,04",171.79,1.22%
20/09/2020,20/09/2020,"14.084,25",157.15,1.13%
17/09/2020,17/09/2020,"13.927,10",-45.14,-0.32%
16/09/2020,16/09/2020,"13.972,24",19.02,0.14%
15/09/2020,15/09/2020,"13.953,22",19.60,0.14%
14/09/2020,14/09/2020,"13.933,62",108.03,0.78%
13/09/2020,13/09/2020,"13.825,59",-4.86,-0.04%
10/09/2020,10/09/2020,"13.830,45",23.59,0.17%
09/09/2020,09/09/2020,"13.806,86",-50.38,-0.36%
08/09/2020,08/09/2020,"13.857,24",51.95,0.38%
07/09/2020,07/09/2020,"13.805,29",-269.93,-1.92%
06/09/2020,06/09/2020,"14.075,22",-51.43,-0.36%
03/09/2020,03/09/2020,"14.126,65",196.76,1.41%
02/09/2020,02/09/2020,"13.929,89",135.57,0.98%
31/08/2020,31/08/2020,"13.794,32",35.31,0.26%
30/08/2020,30/08/2020,"13.759,01",118.59,0.87%
27/08/2020,27/08/2020,"13.640,42",36.42,0.27%
26/08/2020,26/08/2020,"13.604,00",-47.59,-0.35%
25/08/2020,25/08/2020,"13.651,59",89.93,0.66%
24/08/2020,24/08/2020,"13.561,66",273.19,2.06%
23/08/2020,23/08/2020,"13.288,47",127.27,0.97%
20/08/2020,20/08/2020,"13.161,20",-63.11,-0.48%
19/08/2020,19/08/2020,"13.224,31",48.56,0.37%
18/08/2020,18/08/2020,"13.175,75",-76.10,-0.57%
17/08/2020,17/08/2020,"13.251,85",3.87,0.03%
16/08/2020,16/08/2020,"13.247,98",-58.87,-0.44%
13/08/2020,13/08/2020,"13.306,85",113.61,0.86%
12/08/2020,12/08/2020,"13.193,24",65.52,0.50%
11/08/2020,11/08/2020,"13.127,72",12.11,0.09%
10/08/2020,10/08/2020,"13.115,61",34.74,0.27%
09/08/2020,09/08/2020,"13.080,87",16.17,0.12%
06/08/2020,06/08/2020,"13.064,70",10.24,0.08%
05/08/2020,05/08/2020,"13.054,46",213.85,1.67%
04/08/2020,04/08/2020,"12.840,61",190.35,1.50%
03/08/2020,03/08/2020,"12.650,26",285.56,2.31%
02/08/2020,02/08/2020,"12.364,70",-84.68,-0.68%
30/07/2020,30/07/2020,"12.449,38",181.95,1.48%
29/07/2020,29/07/2020,"12.267,43",-342.34,-2.71%
28/07/2020,28/07/2020,"12.609,77",436.03,3.58%
27/07/2020,27/07/2020,"12.173,74",-718.03,-5.57%
26/07/2020,26/07/2020,"12.891,77",-467.65,-3.50%
23/07/2020,23/07/2020,"13.359,42",42.75,0.32%
22/07/2020,22/07/2020,"13.316,67",-119.39,-0.89%
21/07/2020,21/07/2020,"13.436,06",27.66,0.21%
20/07/2020,20/07/2020,"13.408,40",-172.56,-1.27%
19/07/2020,19/07/2020,"13.580,96",-88.76,-0.65%
16/07/2020,16/07/2020,"13.669,72",148.40,1.10%
15/07/2020,15/07/2020,"13.521,32",81.73,0.61%
14/07/2020,14/07/2020,"13.439,59",-2.04,-0.02%
13/07/2020,13/07/2020,"13.441,63",-47.37,-0.35%
12/07/2020,12/07/2020,"13.489,00",-135.08,-0.99%
09/07/2020,09/07/2020,"13.624,08",200.37,1.49%
08/07/2020,08/07/2020,"13.423,71",-9.31,-0.07%
07/07/2020,07/07/2020,"13.433,02",36.84,0.28%
06/07/2020,06/07/2020,"13.396,18",226.76,1.72%
05/07/2020,05/07/2020,"13.169,42",69.59,0.53%
02/07/2020,02/07/2020,"13.099,83",-20.30,-0.15%
01/07/2020,01/07/2020,"13.120,13",271.87,2.12%
30/06/2020,30/06/2020,"12.848,26",-70.13,-0.54%
29/06/2020,29/06/2020,"12.918,39",-329.43,-2.49%
28/06/2020,28/06/2020,"13.247,82",-17.11,-0.13%
25/06/2020,25/06/2020,"13.264,93",-83.50,-0.63%
24/06/2020,24/06/2020,"13.348,43",-100.33,-0.75%
23/06/2020,23/06/2020,"13.448,76",-38.10,-0.28%
22/06/2020,22/06/2020,"13.486,86",28.38,0.21%
21/06/2020,21/06/2020,"13.458,48",184.78,1.39%
18/06/2020,18/06/2020,"13.273,70",10.66,0.08%
17/06/2020,17/06/2020,"13.263,04",-41.83,-0.31%
16/06/2020,16/06/2020,"13.304,87",337.64,2.60%
15/06/2020,15/06/2020,"12.967,23",-487.34,-3.62%
14/06/2020,14/06/2020,"13.454,57",14.80,0.11%
11/06/2020,11/06/2020,"13.439,77",-537.23,-3.84%
10/06/2020,10/06/2020,"13.977,00",34.58,0.25%
09/06/2020,09/06/2020,"13.942,42",-28.08,-0.20%
08/06/2020,08/06/2020,"13.970,50",200.03,1.45%
07/06/2020,07/06/2020,"13.770,47",43.78,0.32%
04/06/2020,04/06/2020,"13.726,69",-9.14,-0.07%
03/06/2020,03/06/2020,"13.735,83",92.68,0.68%
02/06/2020,02/06/2020,"13.643,15",-47.32,-0.35%
01/06/2020,01/06/2020,"13.690,47",252.96,1.88%
31/05/2020,31/05/2020,"13.437,51",32.19,0.24%
28/05/2020,28/05/2020,"13.405,32",47.04,0.35%
27/05/2020,27/05/2020,"13.358,28",-230.12,-1.69%
26/05/2020,26/05/2020,"13.588,40",129.08,0.96%
25/05/2020,25/05/2020,"13.459,32",68.42,0.51%
24/05/2020,24/05/2020,"13.390,90",-204.63,-1.51%
21/05/2020,21/05/2020,"13.595,53",197.14,1.47%
20/05/2020,20/05/2020,"13.398,39",66.60,0.50%
19/05/2020,19/05/2020,"13.331,79",198.33,1.51%
18/05/2020,18/05/2020,"13.133,46",225.39,1.75%
17/05/2020,17/05/2020,"12.908,07",-111.79,-0.86%
14/05/2020,14/05/2020,"13.019,86",-49.67,-0.38%
13/05/2020,13/05/2020,"13.069,53",37.15,0.29%
12/05/2020,12/05/2020,"13.032,38",84.58,0.65%
11/05/2020,11/05/2020,"12.947,80",283.41,2.24%
10/05/2020,10/05/2020,"12.664,39",326.83,2.65%
07/05/2020,07/05/2020,"12.337,56",243.35,2.01%
06/05/2020,06/05/2020,"12.094,21",256.13,2.16%
05/05/2020,05/05/2020,"11.838,08",36.73,0.31%
04/05/2020,04/05/2020,"11.801,35",-112.13,-0.94%
03/05/2020,03/05/2020,"11.913,48",3.98,0.03%
28/04/2020,28/04/2020,"11.909,50",-60.08,-0.50%
27/04/2020,27/04/2020,"11.969,58",-88.74,-0.74%
26/04/2020,26/04/2020,"12.058,32",134.81,1.13%
23/04/2020,23/04/2020,"11.923,51",42.04,0.35%
22/04/2020,22/04/2020,"11.881,47",133.32,1.13%
21/04/2020,21/04/2020,"11.748,15",-498.43,-4.07%
20/04/2020,20/04/2020,"12.246,58",19.27,0.16%
19/04/2020,19/04/2020,"12.227,31",140.87,1.17%
16/04/2020,16/04/2020,"12.086,44",64.25,0.53%
15/04/2020,15/04/2020,"12.022,19",149.76,1.26%
14/04/2020,14/04/2020,"11.872,43",121.67,1.04%
13/04/2020,13/04/2020,"11.750,76",175.16,1.51%
12/04/2020,12/04/2020,"11.575,60",-34.25,-0.30%
09/04/2020,09/04/2020,"11.609,85",111.33,0.97%
08/04/2020,08/04/2020,"11.498,52",-40.57,-0.35%
07/04/2020,07/04/2020,"11.539,09",182.67,1.61%
06/04/2020,06/04/2020,"11.356,42",555.93,5.15%
05/04/2020,05/04/2020,"10.800,49",338.17,3.23%
02/04/2020,02/04/2020,"10.462,32",301.90,2.97%
31/03/2020,31/03/2020,"10.160,42",-34.42,-0.34%
30/03/2020,30/03/2020,"10.194,84",-481.29,-4.51%
29/03/2020,29/03/2020,"10.676,13",-76.26,-0.71%
26/03/2020,26/03/2020,"10.752,39",-91.60,-0.84%
25/03/2020,25/03/2020,"10.843,99",446.72,4.30%
24/03/2020,24/03/2020,"10.397,27",-123.54,-1.17%
23/03/2020,23/03/2020,"10.520,81",-680.07,-6.07%
22/03/2020,22/03/2020,"11.200,88",-98.57,-0.87%
19/03/2020,19/03/2020,"11.299,45",-348.97,-3.00%
18/03/2020,18/03/2020,"11.648,42",14.23,0.12%
17/03/2020,17/03/2020,"11.634,19",25.41,0.22%
16/03/2020,16/03/2020,"11.608,78",-306.28,-2.57%
15/03/2020,15/03/2020,"11.915,06",-42.28,-0.35%
12/03/2020,12/03/2020,"11.957,34",-647.97,-5.14%
11/03/2020,11/03/2020,"12.605,31",-521.38,-3.97%
10/03/2020,10/03/2020,"13.126,69",110.56,0.85%
09/03/2020,09/03/2020,"13.016,13",-883.39,-6.36%
08/03/2020,08/03/2020,"13.899,52",-52.85,-0.38%
05/03/2020,05/03/2020,"13.952,37",19.28,0.14%
04/03/2020,04/03/2020,"13.933,09",-0.33,0.00%
03/03/2020,03/03/2020,"13.933,42",43.10,0.31%
02/03/2020,02/03/2020,"13.890,32",61.49,0.44%
01/03/2020,01/03/2020,"13.828,83",-272.64,-1.93%
27/02/2020,27/02/2020,"14.101,47",110.22,0.79%
26/02/2020,26/02/2020,"13.991,25",-131.94,-0.93%
25/02/2020,25/02/2020,"14.123,19",202.08,1.45%
24/02/2020,24/02/2020,"13.921,11",-523.49,-3.62%
23/02/2020,23/02/2020,"14.444,60",-42.99,-0.30%
20/02/2020,20/02/2020,"14.487,59",125.60,0.87%
19/02/2020,19/02/2020,"14.361,99",35.37,0.25%
18/02/2020,18/02/2020,"14.326,62",-76.17,-0.53%
17/02/2020,17/02/2020,"14.402,79",6.72,0.05%
16/02/2020,16/02/2020,"14.396,07",28.16,0.20%
13/02/2020,13/02/2020,"14.367,91",20.80,0.14%
12/02/2020,12/02/2020,"14.347,11",113.76,0.80%
11/02/2020,11/02/2020,"14.233,35",57.92,0.41%
10/02/2020,10/02/2020,"14.175,43",-177.43,-1.24%
09/02/2020,09/02/2020,"14.352,86",6.84,0.05%
06/02/2020,06/02/2020,"14.346,02",287.57,2.05%
05/02/2020,05/02/2020,"14.058,45",-8.70,-0.06%
04/02/2020,04/02/2020,"14.067,15",53.40,0.38%
03/02/2020,03/02/2020,"14.013,75",-93.42,-0.66%
02/02/2020,02/02/2020,"14.107,17",-450.16,-3.09%
30/01/2020,30/01/2020,"14.557,33",-552.49,-3.66%
29/01/2020,29/01/2020,"15.109,82",39.47,0.26%
21/01/2020,21/01/2020,"15.070,35",151.56,1.02%
20/01/2020,20/01/2020,"14.918,79",42.53,0.29%
19/01/2020,19/01/2020,"14.876,26",46.86,0.32%
16/01/2020,16/01/2020,"14.829,40",108.31,0.74%
15/01/2020,15/01/2020,"14.721,09",8.92,0.06%
14/01/2020,14/01/2020,"14.712,17",49.32,0.34%
13/01/2020,13/01/2020,"14.662,85",-61.59,-0.42%
12/01/2020,12/01/2020,"14.724,44",125.92,0.86%
09/01/2020,09/01/2020,"14.598,52",207.17,1.44%
08/01/2020,08/01/2020,"14.391,35",-191.78,-1.32%
07/01/2020,07/01/2020,"14.583,13",71.78,0.49%
06/01/2020,06/01/2020,"14.511,35",-182.13,-1.24%
05/01/2020,05/01/2020,"14.693,48",-60.17,-0.41%
02/01/2020,02/01/2020,"14.753,65",129.92,0.89%
01/01/2020,01/01/2020,"14.623,73",-21.14,-0.14%
30/12/2019,30/12/2019,"14.644,87",69.47,0.48%
29/12/2019,29/12/2019,"14.575,40",69.66,0.48%
26/12/2019,26/12/2019,"14.505,74",-6.34,-0.04%
25/12/2019,25/12/2019,"14.512,08",54.36,0.38%
24/12/2019,24/12/2019,"14.457,72",27.61,0.19%
23/12/2019,23/12/2019,"14.430,11",-4.84,-0.03%
22/12/2019,22/12/2019,"14.434,95",100.62,0.70%
19/12/2019,19/12/2019,"14.334,33",-15.52,-0.11%
18/12/2019,18/12/2019,"14.349,85",-71.85,-0.50%
17/12/2019,17/12/2019,"14.421,70",-153.29,-1.05%
16/12/2019,16/12/2019,"14.574,99",-65.31,-0.45%
15/12/2019,15/12/2019,"14.640,30",-72.34,-0.49%
12/12/2019,12/12/2019,"14.712,64",107.68,0.74%
11/12/2019,11/12/2019,"14.604,96",84.55,0.58%
10/12/2019,10/12/2019,"14.520,41",-113.07,-0.77%
09/12/2019,09/12/2019,"14.633,48",-8.56,-0.06%
08/12/2019,08/12/2019,"14.642,04",17.63,0.12%
05/12/2019,05/12/2019,"14.624,41",-70.72,-0.48%
04/12/2019,04/12/2019,"14.695,13",247.08,1.71%
03/12/2019,03/12/2019,"14.448,05",-107.75,-0.74%
02/12/2019,02/12/2019,"14.555,80",-205.07,-1.39%
01/12/2019,01/12/2019,"14.760,87",28.33,0.19%
28/11/2019,28/11/2019,"14.732,54",-155.74,-1.05%
27/11/2019,27/11/2019,"14.888,28",-40.69,-0.27%
26/11/2019,26/11/2019,"14.928,97",44.54,0.30%
25/11/2019,25/11/2019,"14.884,43",40.60,0.27%
24/11/2019,24/11/2019,"14.843,83",-99.35,-0.66%
21/11/2019,21/11/2019,"14.943,18",-310.42,-2.04%
20/11/2019,20/11/2019,"15.253,60",-150.55,-0.98%
19/11/2019,19/11/2019,"15.404,15",85.11,0.56%
18/11/2019,18/11/2019,"15.319,04",-106.72,-0.69%
17/11/2019,17/11/2019,"15.425,76",-17.26,-0.11%
14/11/2019,14/11/2019,"15.443,02",-69.70,-0.45%
13/11/2019,13/11/2019,"15.512,72",-120.07,-0.77%
12/11/2019,12/11/2019,"15.632,79",1.25,0.01%
11/11/2019,11/11/2019,"15.631,54",-83.15,-0.53%
10/11/2019,10/11/2019,"15.714,69",6.45,0.04%
07/11/2019,07/11/2019,"15.708,24",34.86,0.22%
06/11/2019,06/11/2019,"15.673,38",0.43,0.00%
05/11/2019,05/11/2019,"15.672,95",41.19,0.26%
04/11/2019,04/11/2019,"15.631,76",111.85,0.72%
03/11/2019,03/11/2019,"15.519,91",179.63,1.17%
31/10/2019,31/10/2019,"15.340,28",-39.97,-0.26%
30/10/2019,30/10/2019,"15.380,25",18.15,0.12%
29/10/2019,29/10/2019,"15.362,10",-33.57,-0.22%
28/10/2019,28/10/2019,"15.395,67",-18.31,-0.12%
27/10/2019,27/10/2019,"15.413,98",29.03,0.19%
24/10/2019,24/10/2019,"15.384,95",92.92,0.61%
23/10/2019,23/10/2019,"15.292,03",46.20,0.30%
22/10/2019,22/10/2019,"15.245,83",46.17,0.30%
21/10/2019,21/10/2019,"15.199,66",-85.28,-0.56%
20/10/2019,20/10/2019,"15.284,94",-0.64,0.00%
17/10/2019,17/10/2019,"15.285,58",-91.90,-0.60%
16/10/2019,16/10/2019,"15.377,48",22.57,0.15%
15/10/2019,15/10/2019,"15.354,91",22.15,0.14%
14/10/2019,14/10/2019,"15.332,76",86.25,0.57%
13/10/2019,13/10/2019,"15.246,51",59.33,0.39%
10/10/2019,10/10/2019,"15.187,18",-25.16,-0.17%
09/10/2019,09/10/2019,"15.212,34",-12.41,-0.08%
08/10/2019,08/10/2019,"15.224,75",128.69,0.85%
07/10/2019,07/10/2019,"15.096,06",-127.45,-0.84%
06/10/2019,06/10/2019,"15.223,51",-102.29,-0.67%
03/10/2019,03/10/2019,"15.325,80",32.10,0.21%
02/10/2019,02/10/2019,"15.293,70",-109.37,-0.71%
01/10/2019,01/10/2019,"15.403,07",56.31,0.37%
30/09/2019,30/09/2019,"15.346,76",-32.42,-0.21%
29/09/2019,29/09/2019,"15.379,18",110.49,0.72%
26/09/2019,26/09/2019,"15.268,69",97.04,0.64%
25/09/2019,25/09/2019,"15.171,65",26.91,0.18%
24/09/2019,24/09/2019,"15.144,74",12.80,0.08%
23/09/2019,23/09/2019,"15.131,94",-86.11,-0.57%
22/09/2019,22/09/2019,"15.218,05",-62.70,-0.41%
19/09/2019,19/09/2019,"15.280,75",89.01,0.59%
18/09/2019,18/09/2019,"15.191,74",18.31,0.12%
17/09/2019,17/09/2019,"15.173,43",62.49,0.41%
16/09/2019,16/09/2019,"15.110,94",81.55,0.54%
15/09/2019,15/09/2019,"15.029,39",177.05,1.19%
12/09/2019,12/09/2019,"14.852,34",145.18,0.99%
11/09/2019,11/09/2019,"14.707,16",40.98,0.28%
10/09/2019,10/09/2019,"14.666,18",-42.91,-0.29%
09/09/2019,09/09/2019,"14.709,09",-6.46,-0.04%
08/09/2019,08/09/2019,"14.715,55",-3.37,-0.02%
05/09/2019,05/09/2019,"14.718,92",-14.47,-0.10%
04/09/2019,04/09/2019,"14.733,39",-30.32,-0.21%
03/09/2019,03/09/2019,"14.763,71",-58.92,-0.40%
02/09/2019,02/09/2019,"14.822,63",54.70,0.37%
29/08/2019,29/08/2019,"14.767,93",55.70,0.38%
28/08/2019,28/08/2019,"14.712,23",-14.07,-0.10%
27/08/2019,27/08/2019,"14.726,30",-92.44,-0.62%
26/08/2019,26/08/2019,"14.818,74",-132.74,-0.89%
25/08/2019,25/08/2019,"14.951,48",-13.15,-0.09%
22/08/2019,22/08/2019,"14.964,63",11.38,0.08%
21/08/2019,21/08/2019,"14.953,25",100.11,0.67%
20/08/2019,20/08/2019,"14.853,14",43.72,0.30%
19/08/2019,19/08/2019,"14.809,42",-10.91,-0.07%
18/08/2019,18/08/2019,"14.820,33",27.13,0.18%
15/08/2019,15/08/2019,"14.793,20",181.59,1.24%
14/08/2019,14/08/2019,"14.611,61",43.05,0.30%
13/08/2019,13/08/2019,"14.568,56",-70.21,-0.48%
12/08/2019,12/08/2019,"14.638,77",60.35,0.41%
11/08/2019,11/08/2019,"14.578,42",44.21,0.30%
08/08/2019,08/08/2019,"14.534,21",131.67,0.91%
07/08/2019,07/08/2019,"14.402,54",32.40,0.23%
06/08/2019,06/08/2019,"14.370,14",-104.93,-0.72%
05/08/2019,05/08/2019,"14.475,07",-210.54,-1.43%
04/08/2019,04/08/2019,"14.685,61",-36.01,-0.24%
01/08/2019,01/08/2019,"14.721,62",67.49,0.46%
31/07/2019,31/07/2019,"14.654,13",89.68,0.62%
30/07/2019,30/07/2019,"14.564,45",-176.37,-1.20%
29/07/2019,29/07/2019,"14.740,82",10.76,0.07%
28/07/2019,28/07/2019,"14.730,06",-42.06,-0.28%
25/07/2019,25/07/2019,"14.772,12",48.76,0.33%
24/07/2019,24/07/2019,"14.723,36",-14.70,-0.10%
23/07/2019,23/07/2019,"14.738,06",146.93,1.01%
22/07/2019,22/07/2019,"14.591,13",-20.05,-0.14%
21/07/2019,21/07/2019,"14.611,18",162.16,1.12%
18/07/2019,18/07/2019,"14.449,02",-146.43,-1.00%
17/07/2019,17/07/2019,"14.595,45",-19.72,-0.13%
16/07/2019,16/07/2019,"14.615,17",119.25,0.82%
15/07/2019,15/07/2019,"14.495,92",-21.48,-0.15%
14/07/2019,14/07/2019,"14.517,40",-68.56,-0.47%
11/07/2019,11/07/2019,"14.585,96",49.16,0.34%
10/07/2019,10/07/2019,"14.536,80",64.49,0.45%
09/07/2019,09/07/2019,"14.472,31",23.44,0.16%
08/07/2019,08/07/2019,"14.448,87",-154.99,-1.06%
07/07/2019,07/07/2019,"14.603,86",8.09,0.06%
04/07/2019,04/07/2019,"14.595,77",167.32,1.16%
03/07/2019,03/07/2019,"14.428,45",-55.15,-0.38%
02/07/2019,02/07/2019,"14.483,60",-55.10,-0.38%
01/07/2019,01/07/2019,"14.538,70",199.29,1.39%
30/06/2019,30/06/2019,"14.339,41",162.04,1.14%
27/06/2019,27/06/2019,"14.177,37",-206.53,-1.44%
26/06/2019,26/06/2019,"14.383,90",-28.13,-0.20%
25/06/2019,25/06/2019,"14.412,03",-7.49,-0.05%
24/06/2019,24/06/2019,"14.419,52",39.05,0.27%
23/06/2019,23/06/2019,"14.380,47",31.60,0.22%
20/06/2019,20/06/2019,"14.348,87",170.02,1.20%
19/06/2019,19/06/2019,"14.178,85",102.12,0.73%
18/06/2019,18/06/2019,"14.076,73",-80.43,-0.57%
17/06/2019,17/06/2019,"14.157,16",-144.58,-1.01%
16/06/2019,16/06/2019,"14.301,74",32.02,0.22%
13/06/2019,13/06/2019,"14.269,72",-93.83,-0.65%
12/06/2019,12/06/2019,"14.363,55",-90.66,-0.63%
11/06/2019,11/06/2019,"14.454,21",-26.33,-0.18%
10/06/2019,10/06/2019,"14.480,54",48.28,0.33%
09/06/2019,09/06/2019,"14.432,26",135.29,0.95%
06/06/2019,06/06/2019,"14.296,97",-40.99,-0.29%
05/06/2019,05/06/2019,"14.337,96",5.78,0.04%
04/06/2019,04/06/2019,"14.332,18",4.36,0.03%
03/06/2019,03/06/2019,"14.327,82",-204.13,-1.40%
02/06/2019,02/06/2019,"14.531,95",-117.35,-0.80%
30/05/2019,30/05/2019,"14.649,30",-3.48,-0.02%
29/05/2019,29/05/2019,"14.652,78",-28.92,-0.20%
28/05/2019,28/05/2019,"14.681,70",-64.43,-0.44%
27/05/2019,27/05/2019,"14.746,13",76.63,0.52%
26/05/2019,26/05/2019,"14.669,50",-175.30,-1.18%
23/05/2019,23/05/2019,"14.844,80",-32.90,-0.22%
22/05/2019,22/05/2019,"14.877,70",-61.44,-0.41%
21/05/2019,21/05/2019,"14.939,14",5.91,0.04%
20/05/2019,20/05/2019,"14.933,23",172.03,1.17%
19/05/2019,19/05/2019,"14.761,20",-1.38,-0.01%
16/05/2019,16/05/2019,"14.762,58",-22.27,-0.15%
15/05/2019,15/05/2019,"14.784,85",174.00,1.19%
14/05/2019,14/05/2019,"14.610,85",50.43,0.35%
13/05/2019,13/05/2019,"14.560,42",52.44,0.36%
12/05/2019,12/05/2019,"14.507,98",80.82,0.56%
09/05/2019,09/05/2019,"14.427,16",-24.13,-0.17%
08/05/2019,08/05/2019,"14.451,29",-67.28,-0.46%
07/05/2019,07/05/2019,"14.518,57",-19.48,-0.13%
06/05/2019,06/05/2019,"14.538,05",-271.88,-1.84%
05/05/2019,05/05/2019,"14.809,93",24.54,0.17%
02/05/2019,02/05/2019,"14.785,39",49.58,0.34%
01/05/2019,01/05/2019,"14.735,81",83.14,0.57%
25/04/2019,25/04/2019,"14.652,67",-51.31,-0.35%
24/04/2019,24/04/2019,"14.703,98",167.34,1.15%
23/04/2019,23/04/2019,"14.536,64",10.60,0.07%
22/04/2019,22/04/2019,"14.526,04",-40.90,-0.28%
21/04/2019,21/04/2019,"14.566,94",54.89,0.38%
18/04/2019,18/04/2019,"14.512,05",-141.91,-0.97%
17/04/2019,17/04/2019,"14.653,96",-37.55,-0.26%
16/04/2019,16/04/2019,"14.691,51",-82.94,-0.56%
15/04/2019,15/04/2019,"14.774,45",-45.63,-0.31%
11/04/2019,11/04/2019,"14.820,08",42.44,0.29%
10/04/2019,10/04/2019,"14.777,64",-109.35,-0.73%
09/04/2019,09/04/2019,"14.886,99",-108.75,-0.73%
08/04/2019,08/04/2019,"14.995,74",32.90,0.22%
07/04/2019,07/04/2019,"14.962,84",20.21,0.14%
04/04/2019,04/04/2019,"14.942,63",44.89,0.30%
03/04/2019,03/04/2019,"14.897,74",-34.30,-0.23%
02/04/2019,02/04/2019,"14.932,04",-38.42,-0.26%
01/04/2019,01/04/2019,"14.970,46",95.79,0.64%
31/03/2019,31/03/2019,"14.874,67",-26.67,-0.18%
28/03/2019,28/03/2019,"14.901,34",-0.95,-0.01%
27/03/2019,27/03/2019,"14.902,29",117.21,0.79%
26/03/2019,26/03/2019,"14.785,08",17.69,0.12%
25/03/2019,25/03/2019,"14.767,39",-310.65,-2.06%
24/03/2019,24/03/2019,"15.078,04",71.81,0.48%
21/03/2019,21/03/2019,"15.006,23",-269.95,-1.77%
20/03/2019,20/03/2019,"15.276,18",-56.54,-0.37%
19/03/2019,19/03/2019,"15.332,72",-88.11,-0.57%
18/03/2019,18/03/2019,"15.420,83",95.18,0.62%
17/03/2019,17/03/2019,"15.325,65",-116.29,-0.75%
14/03/2019,14/03/2019,"15.441,94",-16.10,-0.10%
13/03/2019,13/03/2019,"15.458,04",90.19,0.59%
12/03/2019,12/03/2019,"15.367,85",224.33,1.48%
11/03/2019,11/03/2019,"15.143,52",27.33,0.18%
10/03/2019,10/03/2019,"15.116,19",-127.06,-0.83%
07/03/2019,07/03/2019,"15.243,25",-22.61,-0.15%
06/03/2019,06/03/2019,"15.265,86",-1.52,-0.01%
05/03/2019,05/03/2019,"15.267,38",-78.21,-0.51%
04/03/2019,04/03/2019,"15.345,59",214.47,1.42%
03/03/2019,03/03/2019,"15.131,12",170.49,1.14%
28/02/2019,28/02/2019,"14.960,63",-419.27,-2.73%
27/02/2019,27/02/2019,"15.379,90",16.46,0.11%
26/02/2019,26/02/2019,"15.363,44",-157.14,-1.01%
25/02/2019,25/02/2019,"15.520,58",160.88,1.05%
24/02/2019,24/02/2019,"15.359,70",57.00,0.37%
21/02/2019,21/02/2019,"15.302,70",244.64,1.62%
20/02/2019,20/02/2019,"15.058,06",74.59,0.50%
19/02/2019,19/02/2019,"14.983,47",43.46,0.29%
18/02/2019,18/02/2019,"14.940,01",126.26,0.85%
17/02/2019,17/02/2019,"14.813,75",-40.85,-0.27%
14/02/2019,14/02/2019,"14.854,60",40.05,0.27%
13/02/2019,13/02/2019,"14.814,55",156.65,1.07%
12/02/2019,12/02/2019,"14.657,90",144.85,1.00%
11/02/2019,11/02/2019,"14.513,05",300.01,2.11%
10/02/2019,10/02/2019,"14.213,04",-79.40,-0.56%
31/01/2019,31/01/2019,"14.292,44",-45.59,-0.32%
30/01/2019,30/01/2019,"14.338,03",-44.68,-0.31%
29/01/2019,29/01/2019,"14.382,71",56.39,0.39%
28/01/2019,28/01/2019,"14.326,32",10.10,0.07%
27/01/2019,27/01/2019,"14.316,22",42.03,0.29%
24/01/2019,24/01/2019,"14.274,19",56.72,0.40%
23/01/2019,23/01/2019,"14.217,47",49.60,0.35%
22/01/2019,22/01/2019,"14.167,87",-86.96,-0.61%
21/01/2019,21/01/2019,"14.254,83",174.37,1.24%
20/01/2019,20/01/2019,"14.080,46",19.12,0.14%
17/01/2019,17/01/2019,"14.061,34",-184.49,-1.30%
16/01/2019,16/01/2019,"14.245,83",-15.93,-0.11%
15/01/2019,15/01/2019,"14.261,76",99.29,0.70%
14/01/2019,14/01/2019,"14.162,47",-14.75,-0.10%
13/01/2019,13/01/2019,"14.177,22",37.55,0.27%
10/01/2019,10/01/2019,"14.139,67",37.05,0.26%
09/01/2019,09/01/2019,"14.102,62",164.20,1.18%
08/01/2019,08/01/2019,"13.938,42",-97.33,-0.69%
07/01/2019,07/01/2019,"14.035,75",184.70,1.33%
06/01/2019,06/01/2019,"13.851,05",21.58,0.16%
03/01/2019,03/01/2019,"13.829,47",-277.15,-1.96%
02/01/2019,02/01/2019,"14.106,62",11.35,0.08%
01/01/2019,01/01/2019,"14.095,27",-171.46,-1.20%
27/12/2018,27/12/2018,"14.266,73",84.66,0.60%
26/12/2018,26/12/2018,"14.182,07",-77.34,-0.54%
25/12/2018,25/12/2018,"14.259,41",-131.22,-0.91%
24/12/2018,24/12/2018,"14.390,63",11.70,0.08%
23/12/2018,23/12/2018,"14.378,93",-66.08,-0.46%
20/12/2018,20/12/2018,"14.445,01",-94.98,-0.65%
19/12/2018,19/12/2018,"14.539,99",-130.41,-0.89%
18/12/2018,18/12/2018,"14.670,40",-177.19,-1.19%
17/12/2018,17/12/2018,"14.847,59",-286.80,-1.90%
16/12/2018,16/12/2018,"15.134,39",-167.74,-1.10%
13/12/2018,13/12/2018,"15.302,13",19.56,0.13%
12/12/2018,12/12/2018,"15.282,57",88.03,0.58%
11/12/2018,11/12/2018,"15.194,54",-8.34,-0.05%
10/12/2018,10/12/2018,"15.202,88",-112.13,-0.73%
09/12/2018,09/12/2018,"15.315,01",111.41,0.73%
06/12/2018,06/12/2018,"15.203,60",-46.90,-0.31%
05/12/2018,05/12/2018,"15.250,50",-29.64,-0.19%
04/12/2018,04/12/2018,"15.280,14",94.32,0.62%
03/12/2018,03/12/2018,"15.185,82",443.55,3.01%
02/12/2018,02/12/2018,"14.742,27",-46.92,-0.32%
29/11/2018,29/11/2018,"14.789,19",-63.37,-0.43%
28/11/2018,28/11/2018,"14.852,56",100.05,0.68%
27/11/2018,27/11/2018,"14.752,51",3.61,0.02%
26/11/2018,26/11/2018,"14.748,90",77.82,0.53%
25/11/2018,25/11/2018,"14.671,08",-137.54,-0.93%
22/11/2018,22/11/2018,"14.808,62",29.33,0.20%
21/11/2018,21/11/2018,"14.779,29",65.84,0.45%
20/11/2018,20/11/2018,"14.713,45",71.04,0.49%
19/11/2018,19/11/2018,"14.642,41",321.38,2.24%
18/11/2018,18/11/2018,"14.321,03",69.32,0.49%
15/11/2018,15/11/2018,"14.251,71",-108.60,-0.76%
14/11/2018,14/11/2018,"14.360,31",-38.88,-0.27%
13/11/2018,13/11/2018,"14.399,19",-236.63,-1.62%
12/11/2018,12/11/2018,"14.635,82",41.36,0.28%
11/11/2018,11/11/2018,"14.594,46",-244.18,-1.65%
08/11/2018,08/11/2018,"14.838,64",18.59,0.13%
07/11/2018,07/11/2018,"14.820,05",-6.36,-0.04%
06/11/2018,06/11/2018,"14.826,41",-86.38,-0.58%
05/11/2018,05/11/2018,"14.912,79",22.81,0.15%
04/11/2018,04/11/2018,"14.889,98",257.97,1.76%
01/11/2018,01/11/2018,"14.632,01",-228.50,-1.54%
31/10/2018,31/10/2018,"14.860,51",453.10,3.14%
30/10/2018,30/10/2018,"14.407,41",-6.48,-0.04%
29/10/2018,29/10/2018,"14.413,89",-108.63,-0.75%
28/10/2018,28/10/2018,"14.522,52",-130.47,-0.89%
25/10/2018,25/10/2018,"14.652,99",-124.06,-0.84%
24/10/2018,24/10/2018,"14.777,05",-207.51,-1.38%
23/10/2018,23/10/2018,"14.984,56",-237.59,-1.56%
22/10/2018,22/10/2018,"15.222,15",-137.78,-0.90%
21/10/2018,21/10/2018,"15.359,93",-95.67,-0.62%
18/10/2018,18/10/2018,"15.455,60",-138.40,-0.89%
17/10/2018,17/10/2018,"15.594,00",106.87,0.69%
16/10/2018,16/10/2018,"15.487,13",181.97,1.19%
15/10/2018,15/10/2018,"15.305,16",-245.55,-1.58%
14/10/2018,14/10/2018,"15.550,71",384.11,2.53%
11/10/2018,11/10/2018,"15.166,60",-758.93,-4.77%
10/10/2018,10/10/2018,"15.925,53",-18.45,-0.12%
09/10/2018,09/10/2018,"15.943,98",-48.27,-0.30%
08/10/2018,08/10/2018,"15.992,25",-172.13,-1.06%
07/10/2018,07/10/2018,"16.164,38",-203.94,-1.25%
04/10/2018,04/10/2018,"16.368,32",57.32,0.35%
03/10/2018,03/10/2018,"16.311,00",44.19,0.27%
02/10/2018,02/10/2018,"16.266,81",-41.83,-0.26%
01/10/2018,01/10/2018,"16.308,64",-71.24,-0.43%
30/09/2018,30/09/2018,"16.379,88",16379.88,0.00%
27/09/2018,27/09/2018,"16.294,20",82.74,0.51%
26/09/2018,26/09/2018,"16.211,46",-12.31,-0.08%
25/09/2018,25/09/2018,"16.223,77",-8.13,-0.05%
24/09/2018,24/09/2018,"16.231,90",182.73,1.14%
23/09/2018,23/09/2018,"16.049,17",52.16,0.33%
20/09/2018,20/09/2018,"15.997,01",138.76,0.88%
19/09/2018,19/09/2018,"15.858,25",48.05,0.30%
18/09/2018,18/09/2018,"15.810,20",97.57,0.62%
17/09/2018,17/09/2018,"15.712,63",-100.83,-0.64%
16/09/2018,16/09/2018,"15.813,46",50.74,0.32%
13/09/2018,13/09/2018,"15.762,72",-24.87,-0.16%
12/09/2018,12/09/2018,"15.787,59",-4.33,-0.03%
11/09/2018,11/09/2018,"15.791,92",255.57,1.64%
10/09/2018,10/09/2018,"15.536,35",-38.03,-0.24%
09/09/2018,09/09/2018,"15.574,38",220.08,1.43%
06/09/2018,06/09/2018,"15.354,30",-145.95,-0.94%
05/09/2018,05/09/2018,"15.500,25",-133.79,-0.86%
04/09/2018,04/09/2018,"15.634,04",-297.16,-1.87%
03/09/2018,03/09/2018,"15.931,20",-102.96,-0.64%
30/08/2018,30/08/2018,"16.034,16",170.80,1.08%
29/08/2018,29/08/2018,"15.863,36",-99.07,-0.62%
28/08/2018,28/08/2018,"15.962,43",72.92,0.46%
27/08/2018,27/08/2018,"15.889,51",105.60,0.67%
26/08/2018,26/08/2018,"15.783,91",-9.57,-0.06%
23/08/2018,23/08/2018,"15.793,48",21.03,0.13%
22/08/2018,22/08/2018,"15.772,45",71.25,0.45%
21/08/2018,21/08/2018,"15.701,20",157.55,1.01%
20/08/2018,20/08/2018,"15.543,65",-59.02,-0.38%
19/08/2018,19/08/2018,"15.602,67",-16.40,-0.10%
16/08/2018,16/08/2018,"15.619,07",51.51,0.33%
15/08/2018,15/08/2018,"15.567,56",-287.73,-1.81%
14/08/2018,14/08/2018,"15.855,29",91.38,0.58%
13/08/2018,13/08/2018,"15.763,91",193.12,1.24%
12/08/2018,12/08/2018,"15.570,79",72.12,0.47%
09/08/2018,09/08/2018,"15.498,67",-28.72,-0.18%
08/08/2018,08/08/2018,"15.527,39",149.53,0.97%
07/08/2018,07/08/2018,"15.377,86",-45.65,-0.30%
06/08/2018,06/08/2018,"15.423,51",-20.67,-0.13%
05/08/2018,05/08/2018,"15.444,18",47.49,0.31%
02/08/2018,02/08/2018,"15.396,69",-19.38,-0.13%
01/08/2018,01/08/2018,"15.416,07",-82.63,-0.53%
31/07/2018,31/07/2018,"15.498,70",74.64,0.48%
30/07/2018,30/07/2018,"15.424,06",204.86,1.35%
29/07/2018,29/07/2018,"15.219,20",93.32,0.62%
26/07/2018,26/07/2018,"15.125,88",94.56,0.63%
25/07/2018,25/07/2018,"15.031,32",-173.20,-1.14%
24/07/2018,24/07/2018,"15.204,52",-107.93,-0.70%
23/07/2018,23/07/2018,"15.312,45",61.32,0.40%
22/07/2018,22/07/2018,"15.251,13",-201.03,-1.30%
19/07/2018,19/07/2018,"15.452,16",80.05,0.52%
18/07/2018,18/07/2018,"15.372,11",319.59,2.12%
17/07/2018,17/07/2018,"15.052,52",186.83,1.26%
16/07/2018,16/07/2018,"14.865,69",77.54,0.52%
15/07/2018,15/07/2018,"14.788,15",264.81,1.82%
12/07/2018,12/07/2018,"14.523,34",43.35,0.30%
11/07/2018,11/07/2018,"14.479,99",-275.49,-1.87%
10/07/2018,10/07/2018,"14.755,48",-12.74,-0.09%
09/07/2018,09/07/2018,"14.768,22",-112.64,-0.76%
08/07/2018,08/07/2018,"14.880,86",355.89,2.45%
05/07/2018,05/07/2018,"14.524,97",-280.98,-1.90%
04/07/2018,04/07/2018,"14.805,95",145.93,1.00%
03/07/2018,03/07/2018,"14.660,02",-624.77,-4.09%
02/07/2018,02/07/2018,"15.284,79",-285.62,-1.83%
01/07/2018,01/07/2018,"15.570,41",7.34,0.05%
28/06/2018,28/06/2018,"15.563,07",-227.26,-1.44%
27/06/2018,27/06/2018,"15.790,33",-207.25,-1.30%
26/06/2018,26/06/2018,"15.997,58",-134.16,-0.83%
25/06/2018,25/06/2018,"16.131,74",158.84,0.99%
24/06/2018,24/06/2018,"15.972,90",281.87,1.80%
21/06/2018,21/06/2018,"15.691,03",-181.82,-1.15%
20/06/2018,20/06/2018,"15.872,85",355.25,2.29%
19/06/2018,19/06/2018,"15.517,60",-412.88,-2.59%
18/06/2018,18/06/2018,"15.930,48",-567.82,-3.44%
17/06/2018,17/06/2018,"16.498,30",10.97,0.07%
14/06/2018,14/06/2018,"16.487,33",-228.56,-1.37%
13/06/2018,13/06/2018,"16.715,89",160.43,0.97%
12/06/2018,12/06/2018,"16.555,46",-263.11,-1.56%
11/06/2018,11/06/2018,"16.818,57",-17.22,-0.10%
10/06/2018,10/06/2018,"16.835,79",-15.21,-0.09%
07/06/2018,07/06/2018,"16.851,00",65.48,0.39%
06/06/2018,06/06/2018,"16.785,52",251.42,1.52%
05/06/2018,05/06/2018,"16.534,10",187.84,1.15%
04/06/2018,04/06/2018,"16.346,26",449.69,2.83%
03/06/2018,03/06/2018,"15.896,57",356.02,2.29%
31/05/2018,31/05/2018,"15.540,55",468.25,3.11%
30/05/2018,30/05/2018,"15.072,30",-102.65,-0.68%
29/05/2018,29/05/2018,"15.174,95",439.38,2.98%
28/05/2018,28/05/2018,"14.735,57",-626.59,-4.08%
27/05/2018,27/05/2018,"15.362,16",-377.18,-2.40%
24/05/2018,24/05/2018,"15.739,34",-130.76,-0.82%
23/05/2018,23/05/2018,"15.870,10",156.49,1.00%
22/05/2018,22/05/2018,"15.713,61",-625.93,-3.83%
21/05/2018,21/05/2018,"16.339,54",-408.94,-2.44%
20/05/2018,20/05/2018,"16.748,48",245.89,1.49%
17/05/2018,17/05/2018,"16.502,59",-439.09,-2.59%
16/05/2018,16/05/2018,"16.941,68",-346.46,-2.00%
15/05/2018,15/05/2018,"17.288,14",65.13,0.38%
14/05/2018,14/05/2018,"17.223,01",338.04,2.00%
13/05/2018,13/05/2018,"16.884,97",187.86,1.13%
10/05/2018,10/05/2018,"16.697,11",-437.67,-2.55%
09/05/2018,09/05/2018,"17.134,78",-16.57,-0.10%
08/05/2018,08/05/2018,"17.151,35",-1.04,-0.01%
07/05/2018,07/05/2018,"17.152,39",604.69,3.65%
06/05/2018,06/05/2018,"16.547,70",6.31,0.04%
03/05/2018,03/05/2018,"16.541,39",-35.35,-0.21%
02/05/2018,02/05/2018,"16.576,74",-247.44,-1.47%
01/05/2018,01/05/2018,"16.824,18",146.02,0.88%
26/04/2018,26/04/2018,"16.678,16",-592.59,-3.43%
25/04/2018,25/04/2018,"17.270,75",-6.30,-0.04%
23/04/2018,23/04/2018,"17.277,05",-539.96,-3.03%
22/04/2018,22/04/2018,"17.817,01",368.00,2.11%
19/04/2018,19/04/2018,"17.449,01",-802.82,-4.40%
18/04/2018,18/04/2018,"18.251,83",-237.95,-1.29%
17/04/2018,17/04/2018,"18.489,78",37.07,0.20%
16/04/2018,16/04/2018,"18.452,71",-101.08,-0.54%
15/04/2018,15/04/2018,"18.553,79",-153.63,-0.82%
12/04/2018,12/04/2018,"18.707,42",101.84,0.55%
11/04/2018,11/04/2018,"18.605,58",-504.41,-2.64%
10/04/2018,10/04/2018,"19.109,99",-157.17,-0.82%
09/04/2018,09/04/2018,"19.267,16",54.58,0.28%
08/04/2018,08/04/2018,"19.212,58",84.96,0.44%
05/04/2018,05/04/2018,"19.127,62",54.78,0.29%
04/04/2018,04/04/2018,"19.072,84",78.04,0.41%
03/04/2018,03/04/2018,"18.994,80",-168.58,-0.88%
02/04/2018,02/04/2018,"19.163,38",294.93,1.56%
01/04/2018,01/04/2018,"18.868,45",137.55,0.73%
29/03/2018,29/03/2018,"18.730,90",-104.17,-0.55%
28/03/2018,28/03/2018,"18.835,07",12.06,0.06%
27/03/2018,27/03/2018,"18.823,01",56.63,0.30%
26/03/2018,26/03/2018,"18.766,38",290.20,1.57%
25/03/2018,25/03/2018,"18.476,18",-256.21,-1.37%
22/03/2018,22/03/2018,"18.732,39",-44.47,-0.24%
21/03/2018,21/03/2018,"18.776,86",213.93,1.15%
20/03/2018,20/03/2018,"18.562,93",63.86,0.35%
19/03/2018,19/03/2018,"18.499,07",281.18,1.54%
18/03/2018,18/03/2018,"18.217,89",42.35,0.23%
15/03/2018,15/03/2018,"18.175,54",-77.54,-0.42%
14/03/2018,14/03/2018,"18.253,08",59.22,0.33%
13/03/2018,13/03/2018,"18.193,86",72.39,0.40%
12/03/2018,12/03/2018,"18.121,47",6.87,0.04%
11/03/2018,11/03/2018,"18.114,60",23.36,0.13%
08/03/2018,08/03/2018,"18.091,24",209.91,1.17%
07/03/2018,07/03/2018,"17.881,33",-182.71,-1.01%
06/03/2018,06/03/2018,"18.064,04",367.39,2.08%
05/03/2018,05/03/2018,"17.696,65",-426.93,-2.36%
04/03/2018,04/03/2018,"18.123,58",16.83,0.09%
01/03/2018,01/03/2018,"18.106,75",-40.10,-0.22%
28/02/2018,28/02/2018,"18.146,85",43.93,0.24%
27/02/2018,27/02/2018,"18.102,92",103.58,0.58%
26/02/2018,26/02/2018,"17.999,34",158.97,0.89%
25/02/2018,25/02/2018,"17.840,37",419.28,2.41%
22/02/2018,22/02/2018,"17.421,09",-183.27,-1.04%
21/02/2018,21/02/2018,"17.604,36",350.01,2.03%
20/02/2018,20/02/2018,"17.254,35",313.48,1.85%
12/02/2018,12/02/2018,"16.940,87",620.97,3.80%
11/02/2018,11/02/2018,"16.319,90",-276.08,-1.66%
08/02/2018,08/02/2018,"16.595,98",-284.23,-1.68%
07/02/2018,07/02/2018,"16.880,21",378.65,2.29%
06/02/2018,06/02/2018,"16.501,56",-442.98,-2.61%
05/02/2018,05/02/2018,"16.944,54",-902.55,-5.06%
04/02/2018,04/02/2018,"17.847,09",61.03,0.34%
01/02/2018,01/02/2018,"17.786,06",-146.80,-0.82%
31/01/2018,31/01/2018,"17.932,86",-51.79,-0.29%
30/01/2018,30/01/2018,"17.984,65",30.73,0.17%
29/01/2018,29/01/2018,"17.953,92",-127.24,-0.70%
28/01/2018,28/01/2018,"18.081,16",108.17,0.60%
25/01/2018,25/01/2018,"17.972,99",148.13,0.83%
24/01/2018,24/01/2018,"17.824,86",-0.39,0.00%
23/01/2018,23/01/2018,"17.825,25",-0.29,0.00%
22/01/2018,22/01/2018,"17.825,54",399.43,2.29%
21/01/2018,21/01/2018,"17.426,11",86.55,0.50%
18/01/2018,18/01/2018,"17.339,56",306.12,1.80%
17/01/2018,17/01/2018,"17.033,44",-505.47,-2.88%
16/01/2018,16/01/2018,"17.538,91",-19.75,-0.11%
15/01/2018,15/01/2018,"17.558,66",230.01,1.33%
14/01/2018,14/01/2018,"17.328,65",42.86,0.25%
11/01/2018,11/01/2018,"17.285,79",122.78,0.72%
10/01/2018,10/01/2018,"17.163,01",2.59,0.02%
09/01/2018,09/01/2018,"17.160,42",265.45,1.57%
08/01/2018,08/01/2018,"16.894,97",259.72,1.56%
07/01/2018,07/01/2018,"16.635,25",-107.89,-0.64%
04/01/2018,04/01/2018,"16.743,14",155.88,0.94%
03/01/2018,03/01/2018,"16.587,26",196.65,1.20%
02/01/2018,02/01/2018,"16.390,61",285.84,1.77%
01/01/2018,01/01/2018,"16.104,77",136.53,0.86%
28/12/2017,28/12/2017,"15.968,24",160.59,1.02%
27/12/2017,27/12/2017,"15.807,65",37.98,0.24%
26/12/2017,26/12/2017,"15.769,67",103.43,0.66%
25/12/2017,25/12/2017,"15.666,24",56.78,0.36%
24/12/2017,24/12/2017,"15.609,46",154.71,1.00%
21/12/2017,21/12/2017,"15.454,75",-196.15,-1.25%
20/12/2017,20/12/2017,"15.650,90",16.64,0.11%
19/12/2017,19/12/2017,"15.634,26",-53.91,-0.34%
18/12/2017,18/12/2017,"15.688,17",396.39,2.59%
17/12/2017,17/12/2017,"15.291,78",-25.28,-0.17%
14/12/2017,14/12/2017,"15.317,06",244.24,1.62%
13/12/2017,13/12/2017,"15.072,82",-23.76,-0.16%
12/12/2017,12/12/2017,"15.096,58",107.13,0.71%
11/12/2017,11/12/2017,"14.989,45",-351.62,-2.29%
10/12/2017,10/12/2017,"15.341,07",22.17,0.14%
07/12/2017,07/12/2017,"15.318,90",-174.01,-1.12%
06/12/2017,06/12/2017,"15.492,91",-70.35,-0.45%
05/12/2017,05/12/2017,"15.563,26",-347.35,-2.18%
04/12/2017,04/12/2017,"15.910,61",228.28,1.46%
03/12/2017,03/12/2017,"15.682,33",154.37,0.99%
30/11/2017,30/11/2017,"15.527,96",-57.96,-0.37%
29/11/2017,29/11/2017,"15.585,92",177.26,1.15%
28/11/2017,28/11/2017,"15.408,66",79.56,0.52%
27/11/2017,27/11/2017,"15.329,10",76.30,0.50%
26/11/2017,26/11/2017,"15.252,80",53.16,0.35%
23/11/2017,23/11/2017,"15.199,64",12.02,0.08%
22/11/2017,22/11/2017,"15.187,62",190.49,1.27%
21/11/2017,21/11/2017,"14.997,13",184.80,1.25%
20/11/2017,20/11/2017,"14.812,33",199.32,1.36%
19/11/2017,19/11/2017,"14.613,01",-43.58,-0.30%
16/11/2017,16/11/2017,"14.656,59",204.33,1.41%
15/11/2017,15/11/2017,"14.452,26",106.89,0.75%
14/11/2017,14/11/2017,"14.345,37",50.65,0.35%
13/11/2017,13/11/2017,"14.294,72",157.69,1.12%
12/11/2017,12/11/2017,"14.137,03",89.85,0.64%
09/11/2017,09/11/2017,"14.047,18",-8.77,-0.06%
08/11/2017,08/11/2017,"14.055,95",123.51,0.89%
07/11/2017,07/11/2017,"13.932,44",20.93,0.15%
06/11/2017,06/11/2017,"13.911,51",76.47,0.55%
05/11/2017,05/11/2017,"13.835,04",203.44,1.49%
02/11/2017,02/11/2017,"13.631,60",-128.20,-0.93%
01/11/2017,01/11/2017,"13.759,80",61.14,0.45%
31/10/2017,31/10/2017,"13.698,66",-96.26,-0.70%
30/10/2017,30/10/2017,"13.794,92",46.57,0.34%
29/10/2017,29/10/2017,"13.748,35",207.73,1.53%
26/10/2017,26/10/2017,"13.540,62",20.71,0.15%
25/10/2017,25/10/2017,"13.519,91",90.67,0.68%
24/10/2017,24/10/2017,"13.429,24",91.79,0.69%
23/10/2017,23/10/2017,"13.337,45",-71.81,-0.54%
22/10/2017,22/10/2017,"13.409,26",-46.74,-0.35%
19/10/2017,19/10/2017,"13.456,00",14.28,0.11%
18/10/2017,18/10/2017,"13.441,72",-25.32,-0.19%
17/10/2017,17/10/2017,"13.467,04",112.13,0.84%
16/10/2017,16/10/2017,"13.354,91",-58.79,-0.44%
15/10/2017,15/10/2017,"13.413,70",93.55,0.70%
12/10/2017,12/10/2017,"13.320,15",46.00,0.35%
11/10/2017,11/10/2017,"13.274,15",25.23,0.19%
10/10/2017,10/10/2017,"13.248,92",62.62,0.47%
09/10/2017,09/10/2017,"13.186,30",30.81,0.23%
08/10/2017,08/10/2017,"13.155,49",76.14,0.58%
05/10/2017,05/10/2017,"13.104,95",25.60,0.20%
04/10/2017,04/10/2017,"13.079,35",141.81,1.10%
03/10/2017,03/10/2017,"12.937,54",-58.24,-0.45%
02/10/2017,02/10/2017,"12.995,78",-31.45,-0.24%
01/10/2017,01/10/2017,"13.027,23",35.19,0.27%
28/09/2017,28/09/2017,"12.992,04",48.29,0.37%
27/09/2017,27/09/2017,"12.943,75",-37.96,-0.29%
26/09/2017,26/09/2017,"12.981,71",18.80,0.15%
25/09/2017,25/09/2017,"12.962,91",5.67,0.04%
24/09/2017,24/09/2017,"12.957,24",52.31,0.41%
21/09/2017,21/09/2017,"12.904,93",-66.00,-0.51%
20/09/2017,20/09/2017,"12.970,93",-30.54,-0.23%
19/09/2017,19/09/2017,"13.001,47",-16.05,-0.12%
18/09/2017,18/09/2017,"13.017,52",68.61,0.53%
17/09/2017,17/09/2017,"12.948,91",6.38,0.05%
14/09/2017,14/09/2017,"12.942,53",47.01,0.36%
13/09/2017,13/09/2017,"12.895,52",64.99,0.51%
12/09/2017,12/09/2017,"12.830,53",47.78,0.37%
11/09/2017,11/09/2017,"12.782,75",-82.02,-0.64%
10/09/2017,10/09/2017,"12.864,77",88.42,0.69%
07/09/2017,07/09/2017,"12.776,35",33.77,0.27%
06/09/2017,06/09/2017,"12.742,58",-0.52,0.00%
05/09/2017,05/09/2017,"12.743,10",50.03,0.39%
04/09/2017,04/09/2017,"12.693,07",64.47,0.51%
31/08/2017,31/08/2017,"12.628,60",90.71,0.72%
30/08/2017,30/08/2017,"12.537,89",165.83,1.34%
29/08/2017,29/08/2017,"12.372,06",-60.06,-0.48%
28/08/2017,28/08/2017,"12.432,12",112.18,0.91%
27/08/2017,27/08/2017,"12.319,94",58.00,0.47%
24/08/2017,24/08/2017,"12.261,94",73.42,0.60%
23/08/2017,23/08/2017,"12.188,52",78.84,0.65%
22/08/2017,22/08/2017,"12.109,68",-88.94,-0.73%
21/08/2017,21/08/2017,"12.198,62",-11.18,-0.09%
20/08/2017,20/08/2017,"12.209,80",17.66,0.14%
17/08/2017,17/08/2017,"12.192,14",-87.38,-0.71%
16/08/2017,16/08/2017,"12.279,52",52.80,0.43%
15/08/2017,15/08/2017,"12.226,72",-86.44,-0.70%
14/08/2017,14/08/2017,"12.313,16",122.13,1.00%
13/08/2017,13/08/2017,"12.191,03",25.10,0.21%
10/08/2017,10/08/2017,"12.165,93",30.47,0.25%
09/08/2017,09/08/2017,"12.135,46",-270.37,-2.18%
08/08/2017,08/08/2017,"12.405,83",-78.63,-0.63%
07/08/2017,07/08/2017,"12.484,46",25.11,0.20%
06/08/2017,06/08/2017,"12.459,35",57.19,0.46%
03/08/2017,03/08/2017,"12.402,16",30.09,0.24%
02/08/2017,02/08/2017,"12.372,07",-36.24,-0.29%
01/08/2017,01/08/2017,"12.408,31",30.95,0.25%
31/07/2017,31/07/2017,"12.377,36",104.32,0.85%
30/07/2017,30/07/2017,"12.273,04",99.92,0.82%
27/07/2017,27/07/2017,"12.173,12",-34.11,-0.28%
26/07/2017,26/07/2017,"12.207,23",130.49,1.08%
25/07/2017,25/07/2017,"12.076,74",144.46,1.21%
24/07/2017,24/07/2017,"11.932,28",15.48,0.13%
23/07/2017,23/07/2017,"11.916,80",-129.19,-1.07%
20/07/2017,20/07/2017,"12.045,99",-17.84,-0.15%
19/07/2017,19/07/2017,"12.063,83",-57.82,-0.48%
18/07/2017,18/07/2017,"12.121,65",-69.63,-0.57%
17/07/2017,17/07/2017,"12.191,28",-236.80,-1.91%
16/07/2017,16/07/2017,"12.428,08",37.90,0.31%
13/07/2017,13/07/2017,"12.452,24",62.06,0.50%
12/07/2017,12/07/2017,"12.390,18",78.91,0.64%
11/07/2017,11/07/2017,"12.311,27",31.84,0.26%
10/07/2017,10/07/2017,"12.279,43",-177.77,-1.43%
09/07/2017,09/07/2017,"12.457,20",-147.34,-1.17%
06/07/2017,06/07/2017,"12.604,54",75.83,0.61%
05/07/2017,05/07/2017,"12.528,71",30.55,0.24%
04/07/2017,04/07/2017,"12.498,16",-32.51,-0.26%
03/07/2017,03/07/2017,"12.530,67",5.42,0.04%
02/07/2017,02/07/2017,"12.525,25",68.96,0.55%
29/06/2017,29/06/2017,"12.456,29",67.32,0.54%
28/06/2017,28/06/2017,"12.388,97",37.25,0.30%
27/06/2017,27/06/2017,"12.351,72",-95.81,-0.77%
26/06/2017,26/06/2017,"12.447,53",41.64,0.34%
25/06/2017,25/06/2017,"12.405,89",4.26,0.03%
22/06/2017,22/06/2017,"12.401,63",-31.80,-0.26%
21/06/2017,21/06/2017,"12.433,43",2.25,0.02%
20/06/2017,20/06/2017,"12.431,18",35.45,0.29%
19/06/2017,19/06/2017,"12.395,73",122.13,1.00%
18/06/2017,18/06/2017,"12.273,60",55.92,0.46%
15/06/2017,15/06/2017,"12.217,68",16.67,0.14%
14/06/2017,14/06/2017,"12.201,01",66.69,0.55%
13/06/2017,13/06/2017,"12.134,32",76.05,0.63%
12/06/2017,12/06/2017,"12.058,27",-54.83,-0.45%
11/06/2017,11/06/2017,"12.113,10",43.14,0.36%
08/06/2017,08/06/2017,"12.069,96",5.99,0.05%
07/06/2017,07/06/2017,"12.063,97",73.04,0.61%
06/06/2017,06/06/2017,"11.990,93",178.04,1.51%
05/06/2017,05/06/2017,"11.812,89",55.70,0.47%
04/06/2017,04/06/2017,"11.757,19",-24.28,-0.21%
01/06/2017,01/06/2017,"11.781,47",103.09,0.88%
31/05/2017,31/05/2017,"11.678,38",31.20,0.27%
30/05/2017,30/05/2017,"11.647,18",-175.51,-1.48%
29/05/2017,29/05/2017,"11.822,69",54.10,0.46%
28/05/2017,28/05/2017,"11.768,59",39.66,0.34%
25/05/2017,25/05/2017,"11.728,93",-15.41,-0.13%
24/05/2017,24/05/2017,"11.744,34",162.57,1.40%
23/05/2017,23/05/2017,"11.581,77",112.63,0.98%
22/05/2017,22/05/2017,"11.618,45",149.31,1.30%
21/05/2017,21/05/2017,"11.469,14",115.51,1.02%
18/05/2017,18/05/2017,"11.353,63",-16.83,-0.15%
17/05/2017,17/05/2017,"11.370,46",56.07,0.50%
16/05/2017,16/05/2017,"11.314,39",-38.60,-0.34%
15/05/2017,15/05/2017,"11.352,99",70.77,0.63%
14/05/2017,14/05/2017,"11.282,22",-3.47,-0.03%
11/05/2017,11/05/2017,"11.285,69",7.46,0.07%
10/05/2017,10/05/2017,"11.278,23",40.26,0.36%
09/05/2017,09/05/2017,"11.237,97",112.80,1.01%
08/05/2017,08/05/2017,"11.125,17",-50.12,-0.45%
07/05/2017,07/05/2017,"11.175,29",-35.07,-0.31%
04/05/2017,04/05/2017,"11.210,36",40.73,0.36%
03/05/2017,03/05/2017,"11.169,63",73.19,0.66%
02/05/2017,02/05/2017,"11.096,44",-16.08,-0.14%
27/04/2017,27/04/2017,"11.112,52",127.12,1.16%
26/04/2017,26/04/2017,"10.985,40",80.24,0.74%
25/04/2017,25/04/2017,"10.905,16",23.22,0.21%
24/04/2017,24/04/2017,"10.881,94",-87.74,-0.80%
23/04/2017,23/04/2017,"10.969,68",-29.03,-0.26%
20/04/2017,20/04/2017,"10.998,71",-87.95,-0.79%
19/04/2017,19/04/2017,"11.086,66",64.59,0.59%
18/04/2017,18/04/2017,"11.022,07",103.56,0.95%
17/04/2017,17/04/2017,"10.918,51",-148.87,-1.35%
16/04/2017,16/04/2017,"11.067,38",-151.44,-1.35%
13/04/2017,13/04/2017,"11.218,82",-76.51,-0.68%
12/04/2017,12/04/2017,"11.295,33",-89.87,-0.79%
11/04/2017,11/04/2017,"11.385,20",19.65,0.17%
10/04/2017,10/04/2017,"11.365,55",-12.33,-0.11%
09/04/2017,09/04/2017,"11.377,88",105.46,0.94%
06/04/2017,06/04/2017,"11.272,42",-130.11,-1.14%
04/04/2017,04/04/2017,"11.402,53",38.46,0.34%
03/04/2017,03/04/2017,"11.364,07",56.91,0.50%
02/04/2017,02/04/2017,"11.307,16",10.98,0.10%
30/03/2017,30/03/2017,"11.296,18",41.71,0.37%
29/03/2017,29/03/2017,"11.254,47",25.47,0.23%
28/03/2017,28/03/2017,"11.229,00",-84.26,-0.74%
27/03/2017,27/03/2017,"11.313,26",27.30,0.24%
26/03/2017,26/03/2017,"11.285,96",38.45,0.34%
23/03/2017,23/03/2017,"11.247,51",184.34,1.67%
22/03/2017,22/03/2017,"11.063,17",-27.81,-0.25%
21/03/2017,21/03/2017,"11.090,98",59.31,0.54%
20/03/2017,20/03/2017,"11.031,67",124.21,1.14%
19/03/2017,19/03/2017,"10.907,46",3.63,0.03%
16/03/2017,16/03/2017,"10.903,83",72.81,0.67%
15/03/2017,15/03/2017,"10.831,02",-30.72,-0.28%
14/03/2017,14/03/2017,"10.861,74",45.06,0.42%
13/03/2017,13/03/2017,"10.816,68",-13.95,-0.13%
12/03/2017,12/03/2017,"10.830,63",-14.13,-0.13%
09/03/2017,09/03/2017,"10.844,76",29.48,0.27%
08/03/2017,08/03/2017,"10.815,28",41.57,0.39%
07/03/2017,07/03/2017,"10.773,71",20.75,0.19%
06/03/2017,06/03/2017,"10.752,96",30.10,0.28%
05/03/2017,05/03/2017,"10.722,86",48.29,0.45%
02/03/2017,02/03/2017,"10.674,57",-36.35,-0.34%
01/03/2017,01/03/2017,"10.710,92",-28.39,-0.26%
28/02/2017,28/02/2017,"10.739,31",-121.68,-1.12%
27/02/2017,27/02/2017,"10.860,99",75.94,0.70%
26/02/2017,26/02/2017,"10.785,05",-92.37,-0.85%
23/02/2017,23/02/2017,"10.877,42",4.67,0.04%
22/02/2017,22/02/2017,"10.872,75",-48.04,-0.44%
21/02/2017,21/02/2017,"10.920,79",64.21,0.59%
20/02/2017,20/02/2017,"10.856,58",-9.01,-0.08%
19/02/2017,19/02/2017,"10.865,59",4.99,0.05%
16/02/2017,16/02/2017,"10.860,60",-22.37,-0.21%
15/02/2017,15/02/2017,"10.882,97",91.45,0.85%
14/02/2017,14/02/2017,"10.791,52",12.06,0.11%
13/02/2017,13/02/2017,"10.779,46",62.99,0.59%
12/02/2017,12/02/2017,"10.716,47",-1.54,-0.01%
09/02/2017,09/02/2017,"10.718,01",13.15,0.12%
08/02/2017,08/02/2017,"10.704,86",23.91,0.22%
07/02/2017,07/02/2017,"10.680,95",39.59,0.37%
06/02/2017,06/02/2017,"10.641,36",46.08,0.43%
05/02/2017,05/02/2017,"10.595,28",-29.80,-0.28%
02/02/2017,02/02/2017,"10.625,08",131.43,1.25%
26/01/2017,26/01/2017,"10.493,65",87.66,0.84%
24/01/2017,24/01/2017,"10.405,99",61.66,0.60%
23/01/2017,23/01/2017,"10.344,33",18.88,0.18%
22/01/2017,22/01/2017,"10.325,45",52.42,0.51%
19/01/2017,19/01/2017,"10.273,03",-34.00,-0.33%
18/01/2017,18/01/2017,"10.307,03",-72.16,-0.70%
17/01/2017,17/01/2017,"10.379,19",78.30,0.76%
16/01/2017,16/01/2017,"10.300,89",-107.57,-1.03%
15/01/2017,15/01/2017,"10.408,46",-36.11,-0.35%
12/01/2017,12/01/2017,"10.444,57",-18.70,-0.18%
11/01/2017,11/01/2017,"10.463,27",64.57,0.62%
10/01/2017,10/01/2017,"10.398,70",14.84,0.14%
09/01/2017,09/01/2017,"10.383,86",33.18,0.32%
08/01/2017,08/01/2017,"10.350,68",23.77,0.23%
05/01/2017,05/01/2017,"10.326,91",34.07,0.33%
04/01/2017,04/01/2017,"10.292,84",25.56,0.25%
03/01/2017,03/01/2017,"10.267,28",91.31,0.90%
02/01/2017,02/01/2017,"10.175,97",19.40,0.19%
29/12/2016,29/12/2016,"10.156,57",36.74,0.36%
28/12/2016,28/12/2016,"10.119,83",21.80,0.22%
27/12/2016,27/12/2016,"10.098,03",28.98,0.29%
26/12/2016,26/12/2016,"10.069,05",20.48,0.20%
25/12/2016,25/12/2016,"10.048,57",38.03,0.38%
22/12/2016,22/12/2016,"10.010,54",8.69,0.09%
21/12/2016,21/12/2016,"10.001,85",28.77,0.29%
20/12/2016,20/12/2016,"9.973,08",-114.86,-1.14%
19/12/2016,19/12/2016,"10.087,94",44.94,0.45%
18/12/2016,18/12/2016,"10.043,00",124.84,1.26%
15/12/2016,15/12/2016,"9.918,16",-32.65,-0.33%
14/12/2016,14/12/2016,"9.950,81",137.61,1.40%
13/12/2016,13/12/2016,"9.813,20",-99.04,-1.00%
12/12/2016,12/12/2016,"9.912,24",-110.20,-1.10%
11/12/2016,11/12/2016,"10.022,44",2.17,0.02%
08/12/2016,08/12/2016,"10.020,27",71.69,0.72%
07/12/2016,07/12/2016,"9.948,58",-20.42,-0.20%
06/12/2016,06/12/2016,"9.969,00",-146.37,-1.45%
05/12/2016,05/12/2016,"10.115,37",-69.93,-0.69%
04/12/2016,04/12/2016,"10.185,30",-31.43,-0.31%
01/12/2016,01/12/2016,"10.216,73",-5.90,-0.06%
30/11/2016,30/11/2016,"10.222,63",98.23,0.97%
29/11/2016,29/11/2016,"10.124,40",-64.10,-0.63%
28/11/2016,28/11/2016,"10.188,50",-206.03,-1.98%
27/11/2016,27/11/2016,"10.394,53",-66.81,-0.64%
24/11/2016,24/11/2016,"10.461,34",-2.20,-0.02%
23/11/2016,23/11/2016,"10.463,54",61.73,0.59%
22/11/2016,22/11/2016,"10.401,81",151.03,1.47%
21/11/2016,21/11/2016,"10.323,35",72.57,0.71%
20/11/2016,20/11/2016,"10.250,78",-27.57,-0.27%
17/11/2016,17/11/2016,"10.278,35",-43.83,-0.42%
16/11/2016,16/11/2016,"10.322,18",19.17,0.19%
15/11/2016,15/11/2016,"10.303,01",54.15,0.53%
14/11/2016,14/11/2016,"10.248,86",-127.40,-1.23%
11/11/2016,11/11/2016,"10.376,26",0.98,0.01%
10/11/2016,10/11/2016,"10.375,28",103.97,1.01%
09/11/2016,09/11/2016,"10.271,31",-106.45,-1.03%
08/11/2016,08/11/2016,"10.377,76",33.67,0.33%
07/11/2016,07/11/2016,"10.344,09",118.56,1.16%
06/11/2016,06/11/2016,"10.225,53",-5.24,-0.05%
03/11/2016,03/11/2016,"10.230,77",-53.61,-0.52%
02/11/2016,02/11/2016,"10.284,38",-105.33,-1.01%
01/11/2016,01/11/2016,"10.389,71",-19.18,-0.18%
31/10/2016,31/10/2016,"10.408,89",-81.27,-0.77%
30/10/2016,30/10/2016,"10.490,16",80.96,0.78%
27/10/2016,27/10/2016,"10.409,20",37.15,0.36%
26/10/2016,26/10/2016,"10.372,05",-49.57,-0.48%
25/10/2016,25/10/2016,"10.421,62",-54.02,-0.52%
24/10/2016,24/10/2016,"10.475,64",-111.74,-1.06%
21/10/2016,21/10/2016,"10.587,38",-32.85,-0.31%
20/10/2016,20/10/2016,"10.620,23",-36.29,-0.34%
19/10/2016,19/10/2016,"10.656,52",97.58,0.92%
18/10/2016,18/10/2016,"10.558,94",45.73,0.43%
17/10/2016,17/10/2016,"10.513,21",-115.13,-1.08%
16/10/2016,16/10/2016,"10.628,34",-12.18,-0.11%
13/10/2016,13/10/2016,"10.640,52",81.04,0.77%
12/10/2016,12/10/2016,"10.559,48",-26.20,-0.25%
11/10/2016,11/10/2016,"10.585,68",138.19,1.32%
10/10/2016,10/10/2016,"10.447,49",-165.90,-1.56%
09/10/2016,09/10/2016,"10.613,39",-90.95,-0.85%
06/10/2016,06/10/2016,"10.704,34",-13.62,-0.13%
05/10/2016,05/10/2016,"10.717,96",32.87,0.31%
04/10/2016,04/10/2016,"10.685,09",-8.76,-0.08%
03/10/2016,03/10/2016,"10.693,85",-97.82,-0.91%
02/10/2016,02/10/2016,"10.791,14",-0.53,0.00%
30/09/2016,30/09/2016,"10.791,67",-27.97,-0.26%
29/09/2016,29/09/2016,"10.819,64",18.01,0.17%
28/09/2016,28/09/2016,"10.801,63",-33.56,-0.31%
27/09/2016,27/09/2016,"10.835,19",81.83,0.76%
26/09/2016,26/09/2016,"10.753,36",28.81,0.27%
25/09/2016,25/09/2016,"10.724,55",-0.53,0.00%
23/09/2016,23/09/2016,"10.725,08",32.17,0.30%
22/09/2016,22/09/2016,"10.692,91",77.98,0.73%
21/09/2016,21/09/2016,"10.614,93",60.33,0.57%
20/09/2016,20/09/2016,"10.554,60",77.45,0.74%
19/09/2016,19/09/2016,"10.477,15",151.63,1.47%
18/09/2016,18/09/2016,"10.325,00",-0.52,-0.01%
16/09/2016,16/09/2016,"10.325,52",-91.94,-0.88%
15/09/2016,15/09/2016,"10.417,46",-23.04,-0.22%
14/09/2016,14/09/2016,"10.440,50",-78.53,-0.75%
13/09/2016,13/09/2016,"10.519,03",2.32,0.02%
12/09/2016,12/09/2016,"10.516,71",-113.94,-1.07%
11/09/2016,11/09/2016,"10.630,13",-0.52,0.00%
09/09/2016,09/09/2016,"10.630,65",1.58,0.01%
08/09/2016,08/09/2016,"10.629,07",70.91,0.67%
07/09/2016,07/09/2016,"10.558,16",-20.13,-0.19%
06/09/2016,06/09/2016,"10.578,29",14.45,0.14%
05/09/2016,05/09/2016,"10.563,84",-65.22,-0.61%
01/09/2016,01/09/2016,"10.629,06",-98.81,-0.92%
31/08/2016,31/08/2016,"10.727,87",64.73,0.61%
30/08/2016,30/08/2016,"10.663,14",79.23,0.75%
29/08/2016,29/08/2016,"10.583,91",-7.84,-0.07%
26/08/2016,26/08/2016,"10.591,75",122.45,1.17%
25/08/2016,25/08/2016,"10.469,30",-2.66,-0.03%
24/08/2016,24/08/2016,"10.471,96",0.24,0.00%
23/08/2016,23/08/2016,"10.471,72",54.64,0.52%
22/08/2016,22/08/2016,"10.417,08",-96.48,-0.92%
21/08/2016,21/08/2016,"10.513,56",-0.51,0.00%
19/08/2016,19/08/2016,"10.514,07",53.24,0.51%
18/08/2016,18/08/2016,"10.460,83",33.65,0.32%
17/08/2016,17/08/2016,"10.427,18",69.95,0.68%
16/08/2016,16/08/2016,"10.357,23",13.02,0.13%
15/08/2016,15/08/2016,"10.344,21",72.12,0.70%
12/08/2016,12/08/2016,"10.272,09",-58.67,-0.57%
11/08/2016,11/08/2016,"10.330,76",195.22,1.93%
10/08/2016,10/08/2016,"10.135,54",182.45,1.83%
09/08/2016,09/08/2016,"9.953,09",108.50,1.10%
08/08/2016,08/08/2016,"9.844,59",-6.80,-0.07%
07/08/2016,07/08/2016,"9.851,39",-38.67,-0.39%
05/08/2016,05/08/2016,"9.851,88",-38.18,-0.39%
04/08/2016,04/08/2016,"9.890,06",-38.38,-0.39%
03/08/2016,03/08/2016,"9.928,44",-53.89,-0.54%
02/08/2016,02/08/2016,"9.982,33",-196.93,-1.93%
01/08/2016,01/08/2016,"10.179,26",-60.48,-0.59%
31/07/2016,31/07/2016,"10.239,74",-0.43,0.00%
29/07/2016,29/07/2016,"10.240,17",-83.51,-0.81%
28/07/2016,28/07/2016,"10.323,68",76.63,0.75%
27/07/2016,27/07/2016,"10.247,05",78.13,0.77%
26/07/2016,26/07/2016,"10.168,92",24.10,0.24%
25/07/2016,25/07/2016,"10.144,82",-17.33,0.17%
24/07/2016,24/07/2016,"10.162,15",-0.52,-0.01%
22/07/2016,22/07/2016,"10.162,67",-122.89,-1.19%
21/07/2016,21/07/2016,"10.285,56",-32.18,-0.31%
20/07/2016,20/07/2016,"10.317,74",-144.24,-1.38%
19/07/2016,19/07/2016,"10.461,98",-129.28,-1.22%
18/07/2016,18/07/2016,"10.591,26",143.88,1.38%
17/07/2016,17/07/2016,"10.447,38",-0.54,0.00%
15/07/2016,15/07/2016,"10.447,92",38.96,0.37%
14/07/2016,14/07/2016,"10.408,96",-92.21,-0.88%
13/07/2016,13/07/2016,"10.501,17",244.11,2.38%
12/07/2016,12/07/2016,"10.257,06",88.45,0.86%
11/07/2016,11/07/2016,"10.168,61",-120.68,-1.19%
10/07/2016,10/07/2016,"10.289,29",-16.16,-0.16%
08/07/2016,08/07/2016,"10.289,81",0.52,0.01%
07/07/2016,07/07/2016,"10.305,45",132.52,1.29%
06/07/2016,06/07/2016,"10.172,93",-1.38,-0.01%
05/07/2016,05/07/2016,"10.174,31",42.53,0.42%
04/07/2016,04/07/2016,"10.131,78",114.88,1.13%
03/07/2016,03/07/2016,"10.016,90",-0.51,-0.01%
01/07/2016,01/07/2016,"10.017,41",72.22,0.72%
30/06/2016,30/06/2016,"9.945,19",6.16,0.06%
29/06/2016,29/06/2016,"9.939,03",112.55,0.01%
28/06/2016,28/06/2016,"9.826,48",0.73,0.00%
27/06/2016,27/06/2016,"9.825,75",27.53,0.00%
26/06/2016,26/06/2016,"9.798,22",-0.50,0.00%
24/06/2016,24/06/2016,"9.798,72",-219.75,-0.02%
23/06/2016,23/06/2016,"10.018,47",36.45,0.36%
22/06/2016,22/06/2016,"9.982,02",-44.66,-0.45%
21/06/2016,21/06/2016,"10.026,68",43.98,0.44%
20/06/2016,20/06/2016,"9.982,70",134.21,1.34%
19/06/2016,19/06/2016,"9.848,49",-109.38,-1.11%
17/06/2016,17/06/2016,"9.848,99",0.50,0.01%
16/06/2016,16/06/2016,"9.957,87",-26.50,-0.27%
15/06/2016,15/06/2016,"9.984,37",-19.00,-0.19%
14/06/2016,14/06/2016,"10.003,37",57.49,0.57%
13/06/2016,13/06/2016,"9.945,88",-120.54,-1.21%
10/06/2016,10/06/2016,"10.066,42",-22.68,-0.23%
09/06/2016,09/06/2016,"10.089,10",8.93,0.09%
08/06/2016,08/06/2016,"10.080,17",96.81,0.96%
07/06/2016,07/06/2016,"9.983,36",81.32,0.81%
06/06/2016,06/06/2016,"9.902,04",-34.95,-0.35%
05/06/2016,05/06/2016,"9.936,99",-0.51,-0.01%
03/06/2016,03/06/2016,"9.937,50",12.32,0.12%
02/06/2016,02/06/2016,"9.925,18",28.56,0.29%
01/06/2016,01/06/2016,"9.896,62",35.09,0.35%
31/05/2016,31/05/2016,"9.861,53",12.61,0.13%
30/05/2016,30/05/2016,"9.848,92",90.96,0.92%
29/05/2016,29/05/2016,"9.757,96",-0.50,-0.01%
27/05/2016,27/05/2016,"9.758,46",83.83,0.86%
26/05/2016,26/05/2016,"9.674,63",-89.15,-0.92%
25/05/2016,25/05/2016,"9.763,78",-30.06,-0.31%
24/05/2016,24/05/2016,"9.793,84",2.60,0.03%
23/05/2016,23/05/2016,"9.791,24",-20.31,-0.21%
22/05/2016,22/05/2016,"9.811,55",-76.20,-0.78%
20/05/2016,20/05/2016,"9.812,05",0.50,0.01%
19/05/2016,19/05/2016,"9.887,75",-44.55,-0.45%
18/05/2016,18/05/2016,"9.932,30",15.54,0.16%
17/05/2016,17/05/2016,"9.916,76",123.74,1.25%
16/05/2016,16/05/2016,"9.793,02",82.62,0.84%
15/05/2016,15/05/2016,"9.710,40",-0.49,-0.01%
13/05/2016,13/05/2016,"9.710,89",-33.21,-0.34%
12/05/2016,12/05/2016,"9.744,10",1.04,0.01%
11/05/2016,11/05/2016,"9.743,06",117.53,1.21%
10/05/2016,10/05/2016,"9.625,53",4.44,0.05%
09/05/2016,09/05/2016,"9.621,09",-50.89,-0.53%
08/05/2016,08/05/2016,"9.671,98",-0.48,0.00%
06/05/2016,06/05/2016,"9.672,46",45.34,0.47%
05/05/2016,05/05/2016,"9.627,12",33.08,0.34%
04/05/2016,04/05/2016,"9.594,04",21.78,0.23%
03/05/2016,03/05/2016,"9.572,26",-0.97,-0.01%
29/04/2016,29/04/2016,"9.573,23",88.77,0.93%
28/04/2016,28/04/2016,"9.484,46",-22.17,-0.23%
27/04/2016,27/04/2016,"9.506,63",-61.24,-0.64%
26/04/2016,26/04/2016,"9.567,87",113.00,1.18%
25/04/2016,25/04/2016,"9.454,87",-19.69,-0.21%
24/04/2016,24/04/2016,"9.474,56",199.96,2.11%
22/04/2016,22/04/2016,"9.475,05",0.49,0.01%
21/04/2016,21/04/2016,"9.274,60",117.86,1.27%
20/04/2016,20/04/2016,"9.156,74",9.35,0.10%
19/04/2016,19/04/2016,"9.147,39",-149.87,-1.64%
18/04/2016,18/04/2016,"9.297,26",-0.71,-0.01%
15/04/2016,15/04/2016,"9.297,97",-27.90,-0.30%
14/04/2016,14/04/2016,"9.325,87",34.10,0.37%
13/04/2016,13/04/2016,"9.291,77",-45.40,-0.49%
12/04/2016,12/04/2016,"9.337,17",10.64,0.11%
11/04/2016,11/04/2016,"9.326,53",124.03,1.33%
10/04/2016,10/04/2016,"9.202,50",-5.79,-0.06%
08/04/2016,08/04/2016,"9.202,97",0.47,0.01%
07/04/2016,07/04/2016,"9.208,29",45.30,0.49%
06/04/2016,06/04/2016,"9.162,99",94.72,1.03%
05/04/2016,05/04/2016,"9.068,27",74.90,0.83%
04/04/2016,04/04/2016,"8.993,37",-41.04,-0.46%
03/04/2016,03/04/2016,"9.034,41",-0.48,-0.01%
01/04/2016,01/04/2016,"9.034,89",-54.98,-0.61%
31/03/2016,31/03/2016,"9.089,87",-86.38,-0.95%
30/03/2016,30/03/2016,"9.176,25",30.83,0.34%
29/03/2016,29/03/2016,"9.145,42",-114.87,-1.26%
28/03/2016,28/03/2016,"9.260,29",64.93,0.70%
27/03/2016,27/03/2016,"9.194,89",49.47,0.54%
25/03/2016,25/03/2016,"9.195,36",14.86,0.16%
24/03/2016,24/03/2016,"9.180,50",-52.36,-0.57%
23/03/2016,23/03/2016,"9.232,86",41.31,0.45%
22/03/2016,22/03/2016,"9.191,55",-96.51,-1.05%
21/03/2016,21/03/2016,"9.223,36",-32.97,-0.36%
20/03/2016,20/03/2016,"9.256,33",-0.47,-0.01%
18/03/2016,18/03/2016,"9.256,80",-71.72,-0.77%
17/03/2016,17/03/2016,"9.328,52",42.11,0.45%
16/03/2016,16/03/2016,"9.286,41",12.46,0.13%
15/03/2016,15/03/2016,"9.273,95",-64.97,-0.70%
14/03/2016,14/03/2016,"9.338,92",50.86,0.55%
13/03/2016,13/03/2016,"9.288,06",-0.47,-0.01%
11/03/2016,11/03/2016,"9.288,53",2.03,0.02%
10/03/2016,10/03/2016,"9.286,50",39.90,0.43%
09/03/2016,09/03/2016,"9.246,60",-21.03,-0.23%
08/03/2016,08/03/2016,"9.267,63",-1.38,-0.01%
07/03/2016,07/03/2016,"9.269,01",25.96,0.28%
06/03/2016,06/03/2016,"9.243,05",-0.45,0.00%
04/03/2016,04/03/2016,"9.243,50",28.79,0.31%
03/03/2016,03/03/2016,"9.214,71",-1.42,-0.02%
02/03/2016,02/03/2016,"9.216,13",98.28,1.08%
01/03/2016,01/03/2016,"9.117,85",37.30,0.41%
29/02/2016,29/02/2016,"9.080,55",-114.12,-1.24%
28/02/2016,28/02/2016,"9.194,67",-0.46,-0.01%
26/02/2016,26/02/2016,"9.195,13",82.19,0.90%
25/02/2016,25/02/2016,"9.112,94",-93.23,-1.01%
24/02/2016,24/02/2016,"9.206,17",80.39,0.88%
23/02/2016,23/02/2016,"9.135,45",-9.67,-0.11%
22/02/2016,22/02/2016,"9.135,45",108.74,1.20%
21/02/2016,21/02/2016,"9.026,71",-0.45,0.00%
19/02/2016,19/02/2016,"9.027,16",10.11,0.11%
18/02/2016,18/02/2016,"9.017,05",91.14,1.02%
17/02/2016,17/02/2016,"8.925,91",-19.37,-0.22%
16/02/2016,16/02/2016,"8.945,28",49.64,0.56%
15/02/2016,15/02/2016,"8.895,64",-76.37,-0.85%
14/02/2016,14/02/2016,"8.972,01",41.51,0.46%
04/02/2016,04/02/2016,"8.930,50",74.57,0.84%
03/02/2016,03/02/2016,"8.855,93",22.81,0.26%
02/02/2016,02/02/2016,"8.833,12",-46.08,-0.52%
01/02/2016,01/02/2016,"8.879,20",-58.03,-0.65%
31/01/2016,31/01/2016,"8.937,23",-0.43,0.00%
29/01/2016,29/01/2016,"8.937,66",74.89,0.84%
28/01/2016,28/01/2016,"8.862,77",-33.79,-0.38%
27/01/2016,27/01/2016,"8.896,56",65.81,0.75%
26/01/2016,26/01/2016,"8.830,75",-116.26,-1.30%
25/01/2016,25/01/2016,"8.947,01",332.10,3.85%
24/01/2016,24/01/2016,"8.614,91",-0.42,0.00%
22/01/2016,22/01/2016,"8.615,33",13.83,0.16%
21/01/2016,21/01/2016,"8.601,50",-90.29,-1.04%
20/01/2016,20/01/2016,"8.691,79",-96.88,-1.10%
19/01/2016,19/01/2016,"8.788,67",145.08,1.68%
18/01/2016,18/01/2016,"8.643,59",-232.84,-2.62%
17/01/2016,17/01/2016,"8.876,43",-0.22,0.00%
15/01/2016,15/01/2016,"8.876,65",-214.06,-2.35%
14/01/2016,14/01/2016,"9.090,71",-151.07,-1.63%
13/01/2016,13/01/2016,"9.241,78",-60.18,-0.65%
12/01/2016,12/01/2016,"9.301,96",137.96,1.51%
11/01/2016,11/01/2016,"9.164,00",-36.06,-0.39%
10/01/2016,10/01/2016,"9.200,06",-0.45,0.00%
08/01/2016,08/01/2016,"9.200,51",-100.96,-1.09%
07/01/2016,07/01/2016,"9.301,47",-121.69,-1.29%
06/01/2016,06/01/2016,"9.423,16",101.64,1.09%
05/01/2016,05/01/2016,"9.321,52",-101.57,-1.08%
04/01/2016,04/01/2016,"9.423,09",-93.06,-0.99%
03/01/2016,03/01/2016,"9.516,15",-0.68,-0.01%
31/12/2015,31/12/2015,"9.516,83",13.33,0.14%
30/12/2015,30/12/2015,"9.503,50",86.69,0.91%
29/12/2015,29/12/2015,"9.416,81",99.96,1.06%
28/12/2015,28/12/2015,"9.316,85",77.07,0.83%
27/12/2015,27/12/2015,"9.239,78",-0.44,0.00%
25/12/2015,25/12/2015,"9.240,22",41.31,0.45%
24/12/2015,24/12/2015,"9.198,91",18.56,0.20%
23/12/2015,23/12/2015,"9.180,35",-21.72,-0.24%
22/12/2015,22/12/2015,"9.202,07",-13.41,-0.15%
21/12/2015,21/12/2015,"9.215,48",-19.11,-0.21%
20/12/2015,20/12/2015,"9.234,59",-0.44,0.00%
18/12/2015,18/12/2015,"9.235,03",-120.01,-1.30%
17/12/2015,17/12/2015,"9.355,04",39.61,0.42%
16/12/2015,16/12/2015,"9.315,43",26.32,0.28%
15/12/2015,15/12/2015,"9.289,11",44.67,0.48%
14/12/2015,14/12/2015,"9.244,44",21.59,0.23%
13/12/2015,13/12/2015,"9.222,85",-0.44,0.00%
11/12/2015,11/12/2015,"9.223,29",89.38,0.97%
10/12/2015,10/12/2015,"9.133,91",-31.55,-0.35%
09/12/2015,09/12/2015,"9.165,46",-165.61,-1.81%
08/12/2015,08/12/2015,"9.331,07",151.98,1.63%
07/12/2015,07/12/2015,"9.179,09",-118.49,-1.29%
06/12/2015,06/12/2015,"9.297,58",-0.46,0.00%
04/12/2015,04/12/2015,"9.298,04",-36.50,-0.39%
03/12/2015,03/12/2015,"9.334,54",21.28,0.23%
02/12/2015,02/12/2015,"9.313,26",77.71,0.83%
01/12/2015,01/12/2015,"9.235,55",-46.45,-0.50%
30/11/2015,30/11/2015,"9.282,00",-138.44,-1.49%
29/11/2015,29/11/2015,"9.420,44",-0.46,0.00%
27/11/2015,27/11/2015,"9.420,90",-119.02,-1.26%
26/11/2015,26/11/2015,"9.539,92",-74.14,-0.78%
25/11/2015,25/11/2015,"9.614,06",38.55,0.40%
24/11/2015,24/11/2015,"9.575,51",-107.48,-1.12%
23/11/2015,23/11/2015,"9.682,99",-67.70,-0.70%
22/11/2015,22/11/2015,"9.750,69",-0.48,0.00%
20/11/2015,20/11/2015,"9.751,17",33.39,0.34%
19/11/2015,19/11/2015,"9.717,78",-51.25,-0.53%
18/11/2015,18/11/2015,"9.769,03",-34.22,-0.35%
17/11/2015,17/11/2015,"9.803,25",-76.11,-0.78%
16/11/2015,16/11/2015,"9.879,36",-51.20,-0.52%
15/11/2015,15/11/2015,"9.930,56",-0.48,0.00%
13/11/2015,13/11/2015,"9.931,04",126.47,1.27%
12/11/2015,12/11/2015,"9.804,57",34.43,0.35%
11/11/2015,11/11/2015,"9.770,14",-29.78,-0.30%
10/11/2015,10/11/2015,"9.799,92",-78.11,-0.80%
09/11/2015,09/11/2015,"9.878,03",-51.54,-0.52%
08/11/2015,08/11/2015,"9.929,57",-0.48,0.00%
06/11/2015,06/11/2015,"9.930,05",-48.49,-0.49%
05/11/2015,05/11/2015,"9.978,54",69.28,0.69%
04/11/2015,04/11/2015,"9.909,26",-40.12,-0.40%
03/11/2015,03/11/2015,"9.949,38",173.94,1.75%
02/11/2015,02/11/2015,"9.775,44",-96.05,-0.98%
01/11/2015,01/11/2015,"9.871,49",-0.48,0.00%
30/10/2015,30/10/2015,"9.871,97",18.84,0.19%
29/10/2015,29/10/2015,"9.853,13",132.62,1.35%
28/10/2015,28/10/2015,"9.720,51",-30.62,-0.32%
27/10/2015,27/10/2015,"9.751,13",-10.40,-0.11%
26/10/2015,26/10/2015,"9.761,53",-61.98,-0.63%
25/10/2015,25/10/2015,"9.823,51",-0.48,0.00%
23/10/2015,23/10/2015,"9.823,99",100.16,1.02%
22/10/2015,22/10/2015,"9.723,83",88.89,0.91%
21/10/2015,21/10/2015,"9.634,94",-19.72,-0.20%
20/10/2015,20/10/2015,"9.654,66",-92.86,-0.96%
19/10/2015,19/10/2015,"9.747,52",25.72,0.26%
18/10/2015,18/10/2015,"9.721,80",-0.47,0.00%
16/10/2015,16/10/2015,"9.722,27",127.67,1.31%
15/10/2015,15/10/2015,"9.594,60",5.68,0.06%
14/10/2015,14/10/2015,"9.588,92",8.43,0.09%
13/10/2015,13/10/2015,"9.580,49",-40.29,-0.42%
12/10/2015,12/10/2015,"9.620,78",61.92,0.64%
11/10/2015,11/10/2015,"9.558,86",-0.46,0.00%
09/10/2015,09/10/2015,"9.559,32",11.38,0.12%
08/10/2015,08/10/2015,"9.547,94",106.60,1.12%
07/10/2015,07/10/2015,"9.441,34",-24.37,-0.26%
06/10/2015,06/10/2015,"9.465,71",175.81,1.86%
05/10/2015,05/10/2015,"9.289,90",125.61,1.35%
04/10/2015,04/10/2015,"9.164,29",-0.45,0.00%
02/10/2015,02/10/2015,"9.164,74",-25.30,-0.28%
01/10/2015,01/10/2015,"9.190,04",31.64,0.34%
30/09/2015,30/09/2015,"9.158,40",20.78,0.23%
29/09/2015,29/09/2015,"9.137,62",-54.54,-0.60%
28/09/2015,28/09/2015,"9.192,16",-89.72,-0.98%
27/09/2015,27/09/2015,"9.281,88",-0.46,0.00%
25/09/2015,25/09/2015,"9.282,34",-20.89,-0.23%
24/09/2015,24/09/2015,"9.303,23",-28.71,-0.31%
23/09/2015,23/09/2015,"9.331,94",-24.75,-0.27%
22/09/2015,22/09/2015,"9.356,69",36.29,0.39%
21/09/2015,21/09/2015,"9.320,40",121.16,1.30%
20/09/2015,20/09/2015,"9.199,24",-0.46,-0.01%
18/09/2015,18/09/2015,"9.199,70",94.95,1.03%
17/09/2015,17/09/2015,"9.104,75",-1.78,-0.02%
16/09/2015,16/09/2015,"9.106,53",82.18,0.90%
15/09/2015,15/09/2015,"9.024,35",-56.12,-0.62%
14/09/2015,14/09/2015,"9.080,47",-109.69,-1.21%
13/09/2015,13/09/2015,"9.190,16",-0.46,-0.01%
11/09/2015,11/09/2015,"9.190,62",-83.17,-0.90%
10/09/2015,10/09/2015,"9.273,79",13.06,0.14%
09/09/2015,09/09/2015,"9.260,73",68.07,0.74%
08/09/2015,08/09/2015,"9.192,66",145.49,1.58%
07/09/2015,07/09/2015,"9.047,17",-74.92,-0.83%
04/09/2015,04/09/2015,"9.122,09",50.07,0.55%
03/09/2015,03/09/2015,"9.072,02",-126.36,-1.39%
02/09/2015,02/09/2015,"9.198,38",-0.24,0.00%
01/09/2015,01/09/2015,"9.198,62",-41.33,-0.45%
31/08/2015,31/08/2015,"9.239,95",-182.23,-1.97%
30/08/2015,30/08/2015,"9.422,18",-0.51,-0.01%
28/08/2015,28/08/2015,"9.422,69",256.16,2.72%
27/08/2015,27/08/2015,"9.166,53",103.77,1.13%
26/08/2015,26/08/2015,"9.062,76",220.34,2.43%
25/08/2015,25/08/2015,"8.842,42",32.99,0.37%
24/08/2015,24/08/2015,"8.809,43",-453.24,-5.14%
23/08/2015,23/08/2015,"9.262,67",-0.53,-0.01%
21/08/2015,21/08/2015,"9.263,20",-160.48,-1.73%
20/08/2015,20/08/2015,"9.423,68",-166.62,-1.77%
19/08/2015,19/08/2015,"9.590,30",-31.65,-0.33%
18/08/2015,18/08/2015,"9.621,95",66.56,0.69%
17/08/2015,17/08/2015,"9.555,39",-179.22,-1.88%
16/08/2015,16/08/2015,"9.734,61",-0.55,-0.01%
14/08/2015,14/08/2015,"9.735,16",-60.57,-0.62%
13/08/2015,13/08/2015,"9.795,73",-156.62,-1.60%
12/08/2015,12/08/2015,"9.952,35",-163.82,-1.65%
11/08/2015,11/08/2015,"10.116,17",-8.49,-0.08%
10/08/2015,10/08/2015,"10.124,66",179.44,1.77%
07/08/2015,07/08/2015,"9.945,22",75.18,0.76%
06/08/2015,06/08/2015,"9.870,04",-90.27,-0.91%
05/08/2015,05/08/2015,"9.960,31",159.36,1.60%
04/08/2015,04/08/2015,"9.800,95",-87.44,-0.89%
03/08/2015,03/08/2015,"9.888,39",-162.97,-1.65%
02/08/2015,02/08/2015,"10.051,36",-0.59,-0.01%
31/07/2015,31/07/2015,"10.051,95",-67.83,-0.67%
30/07/2015,30/07/2015,"10.119,78",7.26,0.07%
29/07/2015,29/07/2015,"10.112,52",-131.60,-1.30%
28/07/2015,28/07/2015,"10.244,12",-87.05,-0.85%
27/07/2015,27/07/2015,"10.331,17",114.72,1.11%
26/07/2015,26/07/2015,"10.216,45",-0.60,-0.01%
24/07/2015,24/07/2015,"10.217,05",31.44,0.31%
23/07/2015,23/07/2015,"10.185,61",12.74,0.13%
22/07/2015,22/07/2015,"10.172,87",212.01,2.08%
21/07/2015,21/07/2015,"9.960,86",-40.10,-0.40%
20/07/2015,20/07/2015,"10.000,96",-103.05,-1.03%
19/07/2015,19/07/2015,"10.104,01",-0.58,-0.01%
17/07/2015,17/07/2015,"10.104,59",28.14,0.28%
16/07/2015,16/07/2015,"10.076,45",-37.92,-0.38%
15/07/2015,15/07/2015,"10.114,37",-92.54,-0.91%
14/07/2015,14/07/2015,"10.206,91",90.79,0.89%
13/07/2015,13/07/2015,"10.116,12",54.81,0.54%
12/07/2015,12/07/2015,"10.061,31",-0.57,-0.01%
10/07/2015,10/07/2015,"10.061,88",32.51,0.32%
09/07/2015,09/07/2015,"10.029,37",14.80,0.15%
08/07/2015,08/07/2015,"10.014,57",-116.51,-1.16%
07/07/2015,07/07/2015,"10.131,08",56.54,0.56%
06/07/2015,06/07/2015,"10.074,54",149.48,1.48%
05/07/2015,05/07/2015,"9.925,06",-0.56,-0.01%
03/07/2015,03/07/2015,"9.925,62",100.66,1.01%
02/07/2015,02/07/2015,"9.824,96",158.21,1.61%
01/07/2015,01/07/2015,"9.666,75",7.09,0.07%
30/06/2015,30/06/2015,"9.659,66",34.14,0.35%
29/06/2015,29/06/2015,"9.625,52",174.92,1.82%
28/06/2015,28/06/2015,"9.450,60",-0.56,-0.01%
26/06/2015,26/06/2015,"9.451,16",2.62,0.03%
25/06/2015,25/06/2015,"9.448,54",-19.38,-0.21%
24/06/2015,24/06/2015,"9.467,92",-56.60,-0.60%
23/06/2015,23/06/2015,"9.524,52",-8.25,-0.09%
22/06/2015,22/06/2015,"9.532,77",222.86,2.34%
18/06/2015,18/06/2015,"9.309,91",32.22,0.35%
17/06/2015,17/06/2015,"9.277,69",-42.21,-0.45%
16/06/2015,16/06/2015,"9.319,90",-55.52,-0.60%
15/06/2015,15/06/2015,"9.375,42",7.33,0.08%
14/06/2015,14/06/2015,"9.368,09",-0.56,-0.01%
12/06/2015,12/06/2015,"9.368,65",64.14,0.68%
11/06/2015,11/06/2015,"9.304,51",95.82,1.03%
10/06/2015,10/06/2015,"9.208,69",25.03,0.27%
09/06/2015,09/06/2015,"9.183,66",-17.35,-0.19%
08/06/2015,08/06/2015,"9.201,01",35.02,0.38%
07/06/2015,07/06/2015,"9.165,99",-0.55,-0.01%
05/06/2015,05/06/2015,"9.166,54",73.62,0.80%
04/06/2015,04/06/2015,"9.092,92",27.43,0.30%
03/06/2015,03/06/2015,"9.065,49",-40.82,-0.45%
02/06/2015,02/06/2015,"9.106,31",-75.92,-0.83%
01/06/2015,01/06/2015,"9.182,23",65.64,0.71%
31/05/2015,31/05/2015,"9.116,59",-0.55,-0.01%
29/05/2015,29/05/2015,"9.117,14",-77.26,-0.85%
28/05/2015,28/05/2015,"9.194,40",80.15,0.87%
27/05/2015,27/05/2015,"9.114,25",-21.23,-0.23%
26/05/2015,26/05/2015,"9.135,48",40.95,0.45%
25/05/2015,25/05/2015,"9.094,53",28.25,0.31%
24/05/2015,24/05/2015,"9.066,28",-0.55,-0.01%
22/05/2015,22/05/2015,"9.066,83",137.76,1.52%
21/05/2015,21/05/2015,"8.929,07",98.76,1.11%
20/05/2015,20/05/2015,"8.830,31",243.84,2.76%
19/05/2015,19/05/2015,"8.586,47",55.12,0.64%
18/05/2015,18/05/2015,"8.531,35",-137.04,-1.61%
17/05/2015,17/05/2015,"8.668,39",-0.53,-0.01%
15/05/2015,15/05/2015,"8.668,92",-121.72,-1.40%
14/05/2015,14/05/2015,"8.790,64",10.92,0.12%
13/05/2015,13/05/2015,"8.779,72",-28.54,-0.33%
12/05/2015,12/05/2015,"8.808,26",-130.38,-1.48%
11/05/2015,11/05/2015,"8.938,64",-54.22,-0.61%
10/05/2015,10/05/2015,"8.992,86",-0.54,-0.01%
08/05/2015,08/05/2015,"8.993,40",21.15,0.24%
07/05/2015,07/05/2015,"8.972,25",46.12,0.51%
06/05/2015,06/05/2015,"8.926,13",-89.52,-1.00%
05/05/2015,05/05/2015,"9.015,65",136.88,1.52%
04/05/2015,04/05/2015,"8.878,77",-252.29,-2.84%
27/04/2015,27/04/2015,"9.131,06",-45.53,-0.50%
26/04/2015,26/04/2015,"9.176,59",-0.55,-0.01%
24/04/2015,24/04/2015,"9.177,14",51.75,0.56%
23/04/2015,23/04/2015,"9.125,39",-20.05,-0.22%
22/04/2015,22/04/2015,"9.145,44",4.84,0.05%
21/04/2015,21/04/2015,"9.140,60",-33.35,-0.36%
20/04/2015,20/04/2015,"9.173,95",-50.20,-0.55%
19/04/2015,19/04/2015,"9.224,15",-0.59,-0.01%
17/04/2015,17/04/2015,"9.224,74",61.75,0.67%
16/04/2015,16/04/2015,"9.162,99",65.77,0.72%
15/04/2015,15/04/2015,"9.097,22",54.11,0.59%
14/04/2015,14/04/2015,"9.043,11",-39.07,-0.43%
13/04/2015,13/04/2015,"9.082,18",98.28,1.08%
12/04/2015,12/04/2015,"8.983,90",-0.34,0.00%
10/04/2015,10/04/2015,"8.984,24",76.14,0.85%
09/04/2015,09/04/2015,"8.908,10",36.59,0.41%
08/04/2015,08/04/2015,"8.871,51",-27.22,-0.31%
07/04/2015,07/04/2015,"8.898,73",76.19,0.86%
06/04/2015,06/04/2015,"8.822,54",-76.20,-0.86%
05/04/2015,05/04/2015,"8.898,74",-0.58,-0.01%
03/04/2015,03/04/2015,"8.899,32",23.34,0.26%
02/04/2015,02/04/2015,"8.875,98",101.77,1.15%
01/04/2015,01/04/2015,"8.774,21",-161.55,-1.84%
31/03/2015,31/03/2015,"8.935,76",51.38,0.57%
30/03/2015,30/03/2015,"8.884,38",-98.84,-1.11%
29/03/2015,29/03/2015,"8.983,22",-0.58,-0.01%
27/03/2015,27/03/2015,"8.983,80",-56.74,-0.63%
26/03/2015,26/03/2015,"9.040,54",-53.53,-0.59%
25/03/2015,25/03/2015,"9.094,07",-56.24,-0.62%
24/03/2015,24/03/2015,"9.150,31",-65.82,-0.72%
23/03/2015,23/03/2015,"9.216,13",-87.81,-0.95%
22/03/2015,22/03/2015,"9.303,94",-0.55,-0.01%
20/03/2015,20/03/2015,"9.304,49",37.15,0.40%
19/03/2015,19/03/2015,"9.267,34",-90.17,-0.97%
18/03/2015,18/03/2015,"9.357,51",-62.72,-0.67%
17/03/2015,17/03/2015,"9.420,23",8.97,0.10%
16/03/2015,16/03/2015,"9.411,26",-95.71,-1.02%
15/03/2015,15/03/2015,"9.506,97",-0.57,-0.01%
13/03/2015,13/03/2015,"9.507,54",-50.71,-0.53%
12/03/2015,12/03/2015,"9.558,25",14.40,0.15%
11/03/2015,11/03/2015,"9.543,85",-28.46,-0.30%
10/03/2015,10/03/2015,"9.572,31",3.15,0.03%
09/03/2015,09/03/2015,"9.569,16",-29.01,-0.30%
08/03/2015,08/03/2015,"9.598,17",-0.57,-0.01%
06/03/2015,06/03/2015,"9.598,74",-39.65,-0.41%
05/03/2015,05/03/2015,"9.638,39",-68.28,-0.71%
04/03/2015,04/03/2015,"9.706,67",36.91,0.38%
03/03/2015,03/03/2015,"9.669,76",156.61,1.62%
02/03/2015,02/03/2015,"9.513,15",-20.96,-0.22%
01/03/2015,01/03/2015,"9.534,11",-0.57,-0.01%
27/02/2015,27/02/2015,"9.534,68",-83.85,-0.88%
26/02/2015,26/02/2015,"9.618,53",67.30,0.70%
25/02/2015,25/02/2015,"9.551,23",-59.40,-0.62%
24/02/2015,24/02/2015,"9.610,63",106.46,1.11%
23/02/2015,23/02/2015,"9.504,17",-2.88,-0.03%
13/02/2015,13/02/2015,"9.507,05",58.62,0.62%
12/02/2015,12/02/2015,"9.448,43",98.01,1.04%
11/02/2015,11/02/2015,"9.350,42",180.89,1.93%
10/02/2015,10/02/2015,"9.169,53",11.06,0.12%
09/02/2015,09/02/2015,"9.158,47",-14.41,-0.16%
08/02/2015,08/02/2015,"9.172,88",-0.56,-0.01%
06/02/2015,06/02/2015,"9.173,44",67.18,0.73%
05/02/2015,05/02/2015,"9.106,26",42.35,0.47%
04/02/2015,04/02/2015,"9.063,91",51.17,0.56%
03/02/2015,03/02/2015,"9.012,74",-199.69,-2.22%
02/02/2015,02/02/2015,"9.212,43",-124.40,-1.35%
01/02/2015,01/02/2015,"9.336,83",-0.56,-0.01%
30/01/2015,30/01/2015,"9.337,39",-113.12,-1.21%
29/01/2015,29/01/2015,"9.450,51",5.35,0.06%
28/01/2015,28/01/2015,"9.445,16",52.51,0.56%
27/01/2015,27/01/2015,"9.392,65",-41.60,-0.44%
26/01/2015,26/01/2015,"9.434,25",-38.07,-0.40%
25/01/2015,25/01/2015,"9.472,32",-0.56,-0.01%
23/01/2015,23/01/2015,"9.472,88",42.75,0.45%
22/01/2015,22/01/2015,"9.430,13",34.71,0.37%
21/01/2015,21/01/2015,"9.395,42",-30.60,-0.33%
20/01/2015,20/01/2015,"9.426,02",-37.80,-0.40%
19/01/2015,19/01/2015,"9.463,82",-47.63,-0.50%
18/01/2015,18/01/2015,"9.511,45",-0.55,-0.01%
16/01/2015,16/01/2015,"9.512,00",-44.85,-0.47%
15/01/2015,15/01/2015,"9.556,85",11.62,0.12%
14/01/2015,14/01/2015,"9.545,23",-41.28,-0.43%
13/01/2015,13/01/2015,"9.586,51",57.09,0.60%
12/01/2015,12/01/2015,"9.529,42",-41.29,-0.43%
11/01/2015,11/01/2015,"9.570,71",-0.55,-0.01%
09/01/2015,09/01/2015,"9.571,26",179.62,1.88%
08/01/2015,08/01/2015,"9.391,64",-12.02,-0.13%
07/01/2015,07/01/2015,"9.403,66",19.67,0.21%
06/01/2015,06/01/2015,"9.383,99",104.00,1.11%
05/01/2015,05/01/2015,"9.279,99",-30.74,-0.33%
04/01/2015,04/01/2015,"9.310,73",-1.09,-0.01%
31/12/2014,31/12/2014,"9.311,82",159.27,1.71%
30/12/2014,30/12/2014,"9.152,55",119.36,1.30%
29/12/2014,29/12/2014,"9.033,19",15.97,0.18%
28/12/2014,28/12/2014,"9.017,22",-2.46,-0.03%
26/12/2014,26/12/2014,"9.019,68",-44.18,-0.49%
25/12/2014,25/12/2014,"9.063,86",-92.97,-1.03%
24/12/2014,24/12/2014,"9.156,83",23.72,0.26%
23/12/2014,23/12/2014,"9.133,11",31.45,0.34%
22/12/2014,22/12/2014,"9.101,66",261.67,2.87%
21/12/2014,21/12/2014,"8.839,99",-0.49,-0.01%
19/12/2014,19/12/2014,"8.840,48",-128.04,-1.45%
18/12/2014,18/12/2014,"8.968,52",140.37,1.57%
17/12/2014,17/12/2014,"8.828,15",-340.68,-3.86%
16/12/2014,16/12/2014,"9.168,83",-187.35,-2.04%
15/12/2014,15/12/2014,"9.356,18",-83.90,-0.90%
14/12/2014,14/12/2014,"9.440,08",-0.52,-0.01%
12/12/2014,12/12/2014,"9.440,60",69.85,0.74%
11/12/2014,11/12/2014,"9.370,75",-87.62,-0.94%
10/12/2014,10/12/2014,"9.458,37",106.62,1.13%
09/12/2014,09/12/2014,"9.351,75",-247.48,-2.65%
08/12/2014,08/12/2014,"9.599,23",-74.69,-0.78%
07/12/2014,07/12/2014,"9.673,92",-0.52,-0.01%
05/12/2014,05/12/2014,"9.674,44",5.13,0.05%
04/12/2014,04/12/2014,"9.669,31",77.40,0.80%
03/12/2014,03/12/2014,"9.591,91",88.31,0.92%
02/12/2014,02/12/2014,"9.503,60",-13.67,-0.14%
01/12/2014,01/12/2014,"9.517,27",50.66,0.53%
30/11/2014,30/11/2014,"9.466,61",-0.51,-0.01%
28/11/2014,28/11/2014,"9.467,12",-68.72,-0.73%
27/11/2014,27/11/2014,"9.535,84",-14.40,-0.15%
26/11/2014,26/11/2014,"9.550,24",-104.36,-1.09%
25/11/2014,25/11/2014,"9.654,60",104.94,1.09%
24/11/2014,24/11/2014,"9.549,66",-113.98,-1.19%
23/11/2014,23/11/2014,"9.663,64",-0.52,-0.01%
21/11/2014,21/11/2014,"9.664,16",-78.19,-0.81%
20/11/2014,20/11/2014,"9.742,35",79.14,0.81%
19/11/2014,19/11/2014,"9.663,21",-65.06,-0.67%
18/11/2014,18/11/2014,"9.728,27",-144.60,-1.49%
17/11/2014,17/11/2014,"9.872,87",-11.08,-0.11%
16/11/2014,16/11/2014,"9.883,95",-0.51,-0.01%
14/11/2014,14/11/2014,"9.884,46",-15.56,-0.16%
13/11/2014,13/11/2014,"9.900,02",-46.82,-0.47%
12/11/2014,12/11/2014,"9.946,84",-2.49,-0.03%
11/11/2014,11/11/2014,"9.949,33",-13.74,-0.14%
10/11/2014,10/11/2014,"9.963,07",0.93,0.01%
07/11/2014,07/11/2014,"9.962,14",80.19,0.80%
06/11/2014,06/11/2014,"9.881,95",-1.91,-0.02%
05/11/2014,05/11/2014,"9.883,86",-34.82,-0.35%
04/11/2014,04/11/2014,"9.918,68",-73.28,-0.74%
03/11/2014,03/11/2014,"9.991,96",90.00,0.90%
02/11/2014,02/11/2014,"9.901,96",177.88,1.80%
30/10/2014,30/10/2014,"9.724,08",-13.84,-0.14%
29/10/2014,29/10/2014,"9.737,92",160.29,1.65%
28/10/2014,28/10/2014,"9.577,63",59.07,0.62%
27/10/2014,27/10/2014,"9.518,56",-221.91,-2.33%
26/10/2014,26/10/2014,"9.740,47",-0.51,-0.01%
24/10/2014,24/10/2014,"9.740,98",-20.76,-0.21%
23/10/2014,23/10/2014,"9.761,74",-108.58,-1.11%
21/10/2014,21/10/2014,"9.870,32",62.24,0.63%
20/10/2014,20/10/2014,"9.720,36",50.89,0.52%
18/10/2014,18/10/2014,"9.669,47",-0.51,-0.01%
17/10/2014,17/10/2014,"9.669,98",15.33,0.16%
16/10/2014,16/10/2014,"9.654,65",-276.02,-2.86%
15/10/2014,15/10/2014,"9.930,67",6.67,0.07%
14/10/2014,14/10/2014,"9.924,00",-153.60,-1.55%
13/10/2014,13/10/2014,"10.077,60",-10.50,-0.10%
12/10/2014,12/10/2014,"10.088,10",-0.50,0.00%
10/10/2014,10/10/2014,"10.088,60",-83.36,-0.83%
09/10/2014,09/10/2014,"10.171,96",-28.88,-0.28%
08/10/2014,08/10/2014,"10.200,84",-2.94,-0.03%
07/10/2014,07/10/2014,"10.203,78",-50.73,-0.50%
06/10/2014,06/10/2014,"10.254,51",48.32,0.47%
03/10/2014,03/10/2014,"10.206,19",-6.30,-0.06%
02/10/2014,02/10/2014,"10.212,49",70.46,0.69%
01/10/2014,01/10/2014,"10.142,03",157.65,1.55%
30/09/2014,30/09/2014,"9.984,38",20.62,0.21%
29/09/2014,29/09/2014,"9.963,76",-77.24,-0.78%
28/09/2014,28/09/2014,"10.041,00",-1.35,-0.01%
26/09/2014,26/09/2014,"10.042,35",-53.33,-0.53%
25/09/2014,25/09/2014,"10.095,68",-26.24,-0.26%
